-- phpMyAdmin SQL Dump
-- version 4.6.5.2
-- https://www.phpmyadmin.net/
--
-- Máy chủ: 127.0.0.1
-- Thời gian đã tạo: Th4 29, 2017 lúc 08:01 SA
-- Phiên bản máy phục vụ: 10.1.21-MariaDB
-- Phiên bản PHP: 7.1.1

SET SQL_MODE = "NO_AUTO_VALUE_ON_ZERO";
SET time_zone = "+00:00";


/*!40101 SET @OLD_CHARACTER_SET_CLIENT=@@CHARACTER_SET_CLIENT */;
/*!40101 SET @OLD_CHARACTER_SET_RESULTS=@@CHARACTER_SET_RESULTS */;
/*!40101 SET @OLD_COLLATION_CONNECTION=@@COLLATION_CONNECTION */;
/*!40101 SET NAMES utf8mb4 */;

--
-- Cơ sở dữ liệu: `mtp3_music`
--

-- --------------------------------------------------------

--
-- Cấu trúc bảng cho bảng `artist`
--

CREATE TABLE `artist` (
  `artist_id` int(11) NOT NULL DEFAULT '0',
  `artist_avr` text COLLATE utf8_unicode_ci NOT NULL,
  `artist_cover` text COLLATE utf8_unicode_ci NOT NULL,
  `name` varchar(30) COLLATE utf8_unicode_ci NOT NULL,
  `artist_birthday` date NOT NULL,
  `country` varchar(30) COLLATE utf8_unicode_ci NOT NULL,
  `category` int(11) NOT NULL,
  `track_list` text COLLATE utf8_unicode_ci NOT NULL,
  `history` text COLLATE utf8_unicode_ci NOT NULL
) ENGINE=InnoDB DEFAULT CHARSET=utf8 COLLATE=utf8_unicode_ci;

--
-- Đang đổ dữ liệu cho bảng `artist`
--

INSERT INTO `artist` (`artist_id`, `artist_avr`, `artist_cover`, `name`, `artist_birthday`, `country`, `category`, `track_list`, `history`) VALUES
(1, '\r\nhttps://s-media-cache-ak0.pinimg.com/originals/2f/1d/0b/2f1d0bba01b2e80c2d6df834de453e95.jpg\r\n', 'http://www.elle.vn/wp-content/uploads/2015/11/10/Katy-Perry-4-Prismatic-World-Tour.jpg', 'Katy Perry', '1984-10-25', 'United States', 11, '<iframe scrolling=\"no\" width=\"640\" height=\"180\" src=\"http://mp3.zing.vn/embed/song/ZW6F9A6U\" frameborder=\"0\" allowfullscreen=\"true\"></iframe>\r\n', 'Katheryn Elizabeth Hudson được biết đến nhiều hơn với biệt danh Katy Perry, là một ca sĩ - nhạc sĩ người Mỹ.Cô được sinh ra ở \"Santa Barbara\" bang California và lớn lên trong vòng tay của cha mẹ (cha mẹ cô là mục sư trong nhà thờ Christian). Lớn lên Katy Perry chỉ thích nghe âm nhạc và ca hát trong nhà thờ như một đứa trẻ. Sau khi tốt nghiệp và có trong tay bằng đại học GED lúc cô còn là sinh viên năm nhất của một trường đại học, cô bắt đầu theo đuổi sự nghiệp âm nhạc. Album phòng thu đầu tiên được cô phát hành có tựa đề (chưa rõ) và kết quả thu được chẳng mấy khả quan, thế là hãng thu âm đã rời bỏ cô vì doanh số bán đĩa không như mong đợi. Quyết tâm đến cùng, cố gắng nỗ lực bằng chính tài năng của mình, Katy Perry đã được một hãng thu âm có tên \"Capitol Music Group\" kí hợp đồng vào năm 2007, biệt danh \"Katy Perry\" cũng bắt đầu xuất phát từ đây. \"Ur So Gay\": đĩa đơn đầu tiên trích từ album Katy Hudson (2001) đã thu hút được sự chú ý của khán giả ở Châu Âu nhưng nó vẫn chưa đủ thành công để có mặt trên các bảng xếp hạng. Sau đó, Katy Perry cho ra đời tiếp album phòng thu thứ 2: One of the Boys (2008) và cô bắt đầu nổi danh từ đó khi phát hành đĩa đơn đầu tiên của album: I Kissed a Girl. I Kissed a Girl rất thành công khi lần lượt đứng đầu ở rất nhiều bảng xếp hạng uy tín như Mỹ, Anh, Canada, Úc. Album One of the Boys của cô cũng leo lên vị trí số 9 tại bảng xếp hạng Billboard 200 của Mỹ và được công nhận là album bán chạy thứ 33 của năm 2008. I Kissed a Girl và đĩa đơn thứ hai của cô: Hot n Cold cả hai đã nhận được chứng nhận đĩa bạch kim ở nhiều nước trên thế giới. Cô đã trở nên nổi tiếng với phong cách trang phục độc đáo, cô biết cách kết hợp màu sắc với các loại thời trang đang thịnh hành thời nay. Album phòng thu tiếp theo của cô: Teenage Dream, dự kiến sẽ được phát hành vào tháng 8 năm 2010. \r\n\r\nKaty Perry đã có một mối quan hệ lâu dài với ca sĩ nhạc hip-hop Travis McCoy nhưng mối tình này đã đổ vỡ vào năm 2009, hiện cô đang hẹp hò cùng với diễn viên hài người anh Russell Brand. Cô còn là một trong những người đã thẳng thắng phê bình video Alejandro của nữ ca sĩ Lady Gaga.'),
(2, 'http://image.iheart.com/images/rovi/1080/0002/988/MI0002988920.jpg\r\n\r\n', 'http://cache.umusic.com/_images/facebook/maroon5/og.jpg', 'Maroon 5', '2008-08-06', 'United States', 12, 'http://mp3.zing.vn/bai-hat/Payphone-Maroon-5-Wiz-Khalifa/ZWZFFZZE.html\r\n\r\nhttp://mp3.zing.vn/bai-hat/One-More-Night-Maroon-5/ZW6WFEFB.html\r\n\r\nhttp://mp3.zing.vn/bai-hat/This-Love-Maroon-5/ZW6060FC.html\r\n\r\nhttp://mp3.zing.vn/bai-hat/Moves-Like-Jagger-Maroon-5-Christina-Aguilera/ZWZFU8DO.html', 'Maroon 5 là 1 band rock có phong cách lạ khi sử dụng dòng nhạc pha trộn giữa cả pop, punk và rock. Sau đó còn có thêm sự pha trộn của rock, R&B...khi đổi tên từ Kara\'s Flowers thành Maroon 5 .Là những người bạn cùng trường từ thời trung học, Maroon 5 (trước đây được biết là Kara’s Flowers) biểu diễn show đầu tiên ở Los Angeles ngày 16/9/1995. Hàng trăm người tụ họp để xem ban nhạc pha trộn giữa pop, punk và rock. Chính cái sinh lực của nhóm trên sân khấu đã làm khán giả chú ý.Mùa hè năm 1997, Kara’s Flowers phát hành The Fourth World album đầu tiên được các nhà phê bình khen ngợi với hãng Reprise Records. Năm 1999 nhóm rời khỏi hãng Reprise Records để bắt đầu hướng nhạc mới. Khoảng 2001, nhóm đổi tên thành Maroon 5. Sau những năm thử nghiệm và khám phá (cũng như thêm tay ghita mới James Valentine), việc pha trộn độc đáo của rock, R&B và soul đã vạch rõ ra phong cách âm nhạc của nhóm Maroon 5 hiện nay. Tháng 6.2002, Maroon 5 phát hành album “ Songs About Jane ” và ca khúc “Harder To Breathe” lọt vào Top 10 tháng 9.2003. Những ca khúc khác như “This Love”, “Sunday Morning”, “Secret” và “Not Coming Home” phản ánh những âm thanh mới tìm thấy trong nhạc soul của ban nạhc.Tháng 4.2004, ca khúc “This Love” lọt vào hạng 1 bảng xếp hạng được 4 tuần và video clip “This Love” dành được giải MTV Video Music Award cho “nghệ sĩ mới hay nhất”. Tuần lễ cuối tháng 9/2004, đến lượt video clip “She Will Be Loved” lại vươn lên hạng 1 trên bảng xếp hạng và album “Songs About Jane” được chứng nhận 2 dĩa bạch kim.Hiện nay đóng tại Los Angeles, Maroon 5 trở thành ban nhạc nổi tiếng và đều đặn chơi cho các câu lạc bộ El Rey, House of Blues và The Viper Room.'),
(3, 'http://static.cand.com.vn/Files/Image/daudung/2016/07/29/thumb_660_f5752e6a-61d9-4084-adee-d2579eb4d9db.jpg', 'http://sohanews.sohacdn.com/thumb_w/660/2017/unnamed-1488293111542-0-0-496-800-crop-1488293119792.png', 'Sơn Tùng M-TP', '1994-07-05', 'Việt Nam', 5, 'http://mp3.zing.vn/bai-hat/Em-Cua-Ngay-Hom-Qua-Son-Tung-M-TP/ZW69BZOF.html\r\n\r\nhttp://mp3.zing.vn/bai-hat/Lac-Troi-Son-Tung-M-TP/ZW78DIEO.html\r\n\r\nhttp://mp3.zing.vn/bai-hat/Khong-Phai-Dang-Vua-Dau-Son-Tung-M-TP/ZW6F97CU.html\r\n\r\nhttp://mp3.zing.vn/bai-hat/Noi-Nay-Co-Anh-Son-Tung-M-TP/ZW79ZBE8.html', 'M-TP tên thật là Nguyễn Thanh Tùng. Cậu thanh niên sinh năm 1994 ở Thái Bình sớm bị hip hop hớp hồn giống như bao bạn bè đồng trang lứa. Và với niềm đam mê này, M-TP quyết tâm khăn gói tới Hà Nội học hỏi thêm về hip hop. Sau khi tốt nghiệp cấp 3, anh chàng dự định sẽ đầu quân làm học viên tại Học viện M4Me để rèn rũa khả năng ca hát, sáng tác... trước khi chính thức theo đuổi con đường âm nhạc. \r\n\r\n\r\n\r\nNgoài đam mê ca hát, M-TP còn có khả năng sáng tác, chơi piano và nhảy cực \"đỉnh\". Với thế mạnh này, anh chàng không ngừng cố gắng học tập các bậc đàn anh đàn chị và đã có trong tay một hành trang khá \"khủng\" những sáng tác của riêng mình. \r\n\r\n\r\n\r\nSự nghiệp âm nhạc: \r\n\r\n\r\n\r\nTháng 8/2011: M-TP phát hành ca khúc \"Cơn Mưa Ngang Qua\" lên mạng, ngay lập tức nó trở thành một ca khúc hot lúc bấy giờ khi mà chỉ sau hai tháng, đã có hơn 1.7 triệu lượt nghe - con số mà những ca sĩ kỳ cựu như Đàm Vĩnh Hưng, Hồ Ngọc Hà... cũng phải mơ ước. \r\n\r\n\r\n\r\nNăm 2012, với tổng điểm 25,5đ, M-TP trở thành thủ khoa Nhạc viện TP.HCM. Cậu chia sẻ rằng \"chia sẻ cảm xúc: \"Mặc dù khá tự tin sau khi kết thúc buổi thi nhưng mình vẫn không khỏi ngạc nhiên và hạnh phúc khi biết được kết quả thi. Đây thực sự là một món quà vô cùng ý nghĩa để bù đắp cho những nỗ lực của mình trong suốt thời gian ôn luyện vừa qua\" \r\n\r\n\r\n\r\nĐể lại nhiều ấn tượng trong lòng khán giả khi M-TP trình diễn thành công ca khúc \"Cơn Mưa Ngang Qua\" tại Bài Hát Yêu Thích tháng 10/2012 và tiếp tục nhận giải thưởng hát hát yêu thích của tháng trong chương trình là động lực rất lớn cho M-TP tiếp tục phấn đấu trong con đường âm nhạc chuyên nghiệp. Sau Bài Hát Yêu Thích, M-TP còn được mời tham gia biểu diễn trong đêm công bố kết quả Top 9 Vietnam Idol 2012. \r\n\r\n\r\n\r\nTại Zing Mp3, \"Cơn Mưa Ngang Qua\" như là cút hít đầu tiên của cậu ca sĩ trẻ M-TP bước vào làng nhạc trẻ. Tính đến tháng 11/2014, ca khúc đạt được 64,278,735 lượt nghe. \r\n\r\n\r\n\r\nNăm 2013, anh đầu quân về công ty Văn Production JSC của nhạc sĩ Huy Tuấn và chính thức đổi nghệ danh thành Sơn Tùng M-TP để hoạt động âm nhạc chuyên nghiệp. Vào giữa năm, Sơn Tùng phát hành 2 đĩa đơn \"Đừng Về Trễ\" và \"Em Của Ngày Hôm Qua\" trong đó \"Đừng Về Trễ\" đoạt giải Bài hát yêu thích\r\n\r\n\r\n\r\nVới \"Em Của Ngày Hôm Qua\", ca khúc này đã trở thành một bài hit lớn trong sự nghiệp của Sơn Tùng M-TP khi ca khúc này liên tiếp chiếm giữ vị trí số 1 tại bảng xếp hạng của Zing Mp3 ở cả hai hạng mục là Bài hát và Video clip. 08/09/2014, MV \"Em Của Ngày Hôm Qua\" chính thức đạt hơn 40 triệu lượt xem trên Youtube trong vòng 9 tháng. Đây là một con số kỷ lục đối với MV nhạc Việt tình cho thời điểm bấy giờ. Dù gặp phải rất nhiều ý kiến xung quanh việc đạo nhạc nhưng không thể phủ nhận sức nóng của những ca khúc mà Sơn Tùng biểu diễn kể từ \"Nắng Ấm Xa Dần\", \"Cơn Mưa Ngang Qua\" \r\n\r\n\r\n\r\nVào đầu năm 2014, anh hợp tác với Phương Thanh, Quang Dũng, Vy Oanh, Ngô Kiến Huy, Ông Cao Thắng, Đông Nhi, Hồ Trung Dũng, Phương Vy và Đinh Hương, tất cả cùng nhau có mặt trong ca khúc mang tên \"Sống Như Những Đóa Hoa\" và cũng được phát hành làm đĩa đơn. \r\n\r\n\r\n\r\nCùng trong năm 2014, Sơn Tùng M-TP đảm nhận vai nam chính trong bộ phim nhựa \"Chàng Trai Năm Ấy\" của đạo diễn Quang Huy. Việc anh hóa thân vào ca sĩ Wanbi Tuấn Anh trên màn ảnh rộng đã thu hút được rất nhiều sự quan tâm từ truyền thông và người hâm mộ. \r\n\r\n\r\n\r\nNgày 23/10/2014, ca khúc trích trong bộ phim \"Chàng Trai Năm Ấy\" do Sơn Tùng M-TP sáng tác và thể hiện mang tên \"Chắc Ai Đó Sẽ Về\" ra mắt đầu tiên tại Zing Mp3, từ hiện tượng \"Em Của Ngày Hôm Qua\" ca khúc này lập tức trở thành bài hit khác của Sơn Tùng, chỉ trong vòng 24 giờ ra mắt \"Chắc Ai Đó Sẽ Về\" đã đạt được gần 5 triệu lượt nghe. \r\n\r\n\r\n\r\nTuy nhiên, cũng như \"Em Của Ngày Hôm Qua\" khi ra mắt, ca khúc này dính ngay nghi án đạo nhạc từ một ca khúc khác của Hàn Quốc mang tên \"Because I Miss You\" do trưởng nhóm CN Blue, Jung Yong Hwa trình bày, ca khúc này trích trong bộ truyền hình tại Hàn Quốc mang tên \"Heartstrings\". Vấn đề đạo nhạc của ca khúc \"Chắc Ai Đó Sẽ Về\" đã trở thành đề tài tranh luận gay gắt trên các phương tiện truyền thông, nhiều nhạc sĩ tên tuổi đã vào cuộc để mổ xẻ, phân tích chuyên môn về hai ca khúc này. Ca khúc \"Chắc Ai Đó Sẽ Về\" và bộ phim \"Chàng Trai Năm Ấy\" trở thành tâm điểm của giới truyền thông trong suốt thời gian đấy. \r\n\r\n\r\n\r\nSau khi nhận được đơn giải trình từ đạo diễn Nguyễn Quang Huy, Cục Bản quyền đã đề nghị Hội Âm nhạc họp để đánh giá ca khúc này có đạo nhạc hay không. Hội Âm nhạc gồm các nhạc sĩ tên tuổi như Phó Đức Phương, Trương Ngọc Ninh, Võ Thiện Thanh, Đỗ Bảo… đã có cuộc họp kín vào sáng 10/11/2014 và tất cả đều tán đồng ý kiến ca khúc \"Chắc Ai Đó Sẽ Về\" là sản phẩm đạo nhạc. Ý kiến trong cuộc họp này được cấu thành văn bản và gửi đến Cục Bản quyền để đề nghị xử lý. Nhạc sĩ Phó Đức Phương bình luận, Sơn Tùng M-TP đã đạo nhạc một cách tinh vi. Còn nhạc sĩ Trương Ngọc Ninh cho biết, ca khúc của Sơn Tùng giống bản gốc tới 80%. \r\n\r\n\r\n\r\nVới kết quả trên, vô hình chung đã ảnh hưởng đến tiến độ ra mắt của bộ phim \"Chàng Trai Năm Ấy\", dự kiến ra rạp vào ngày 14/11/2014. Đạo diễn của bộ phim là Nguyễn Quang Huy quyết định dời ngày công chiếu vì những vấn đề liên quan đến ca khúc \"Chắc Ai Đó Sẽ Về\". \r\n\r\n\r\n\r\nTrong thời cùng gian trên, Sơn Tùng M-TP nhiều lần bị tố tự hủy show diễn, đền hợp đồng biểu diễn.. Cho đến việc lùm xùm hợp đồng với công ty quản lý của mình, cụ thể là Văn Production JSC. Tất cả những sự việc không hay trên ít nhiều đã ảnh hưởng đến sự nghiệp của Sơn Tùng M-TP khi tài năng và sức trẻ đang ở trong giai đoạn bắt đầu phát triển.'),
(4, 'http://nguoinoitieng.vn/images/item/tieu-su-ca-si-dam-vinh-hung-ong-hoang-nhac-viet.jpg', 'http://eva-img.24hstatic.com/upload/4-2016/images/2016-11-24/1479980937-dam-vinh-hung-1.jpg', 'Đàm Vĩnh Hưng', '1971-10-02', 'Việt Nam', 2, 'http://mp3.zing.vn/bai-hat/Thanh-Pho-Buon-Dam-Vinh-Hung/ZWZ96860.html\r\n\r\nhttp://mp3.zing.vn/bai-hat/Tinh-Nhat-Phai-Remix-Dam-Vinh-Hung/ZW6BBIAD.html\r\n\r\nhttp://mp3.zing.vn/bai-hat/Xot-Xa-Dam-Vinh-Hung/ZWZCEIZ6.html\r\n\r\nhttp://mp3.zing.vn/bai-hat/Bien-Tinh-Dam-Vinh-Hung/ZWZCEIUE.html', 'Đàm Vĩnh Hưng tên thiệt là: Huỳnh Minh Hưng. Anh sinh ngày 2 tháng 10 năm 1971 và anh là anh cả trong gia đình của 2 anh em. \r\n\r\nAnh đã tham gia sinh hoạt văn nghệ từ CLB ca sĩ trẻ, Trung tâm văn hoá quận 10 năm 1991. Thời đó trong CLB có rất nhiều ca sĩ nổi tiếng như Tường Vy, Minh Thuận, Ðức Lâm, Nhật Hào, Tô Thanh Phương... Sau khi đoạt giải nhất cuộc thi tuyển chọn giọng ca trẻ do Công ty Văn hoá quận 10 tổ chức tại công viên hồ Kỳ Hoà năm 1992, Vĩnh Hưng chính thức đi vào con đường ca hát chuyên nghiệp.Hiện nay, CD của anh đang tạo nên một cơn sốt trên thị trường băng nhạc và không bao lâu một VCD nhạc được sản xuất bằng hệ thống kỹ thuật số sẽ được Vĩnh Hưng thực hiện như một món quà đánh dấu quá trình đi hát của mình. \r\n\r\nĐàm Vĩnh Hưng là một ca sỹ nhạc pop nổi tiếng tại Việt Nam.Bên cạnh thể loại pop Đàm Vĩnh Hưng còn hát rất nhiều các ca khúc nhạc tiền chiến mang tính chất trữ tình cũng như nhạc Trịnh Công Sơn. Hiện nay Đàm Vĩnh Hưng hoạt động cả ở trong nước lẫn hải ngoại và được nhiều sự mến mộ của nhiều tầng lớp thính giả. '),
(5, 'http://avatar.nct.nixcdn.com/playlist/2014/11/25/2/0/c/3/1416880110189_500.jpg\r\n', 'https://i.ytimg.com/vi/yESQ4Fzq9_o/maxresdefault.jpg', 'Lưu Hương Giang', '1982-03-01', 'Việt Nam', 4, 'http://mp3.zing.vn/bai-hat/Tuoi-Thanh-Xuan-Luu-Huong-Giang/ZW70E0I9.html\r\n\r\nhttp://mp3.zing.vn/bai-hat/Giot-Suong-va-Chiec-La-Luu-Huong-Giang/ZWZCUW9E.html\r\n\r\nhttp://mp3.zing.vn/bai-hat/Tet-Xuan-Luu-Huong-Giang-Ho-Hoai-Anh/ZWZCOEBB.html', 'Lưu Hương Giang là một ca sĩ Việt Nam ở thể loại nhạc nhẹ. Cô được công \r\n\r\nchúng biết tới với những ca khúc sôi động có âm hưởng alternative rock. \r\n\r\n\r\n\r\nAlbum đã phát hành \r\n\r\n\r\n\r\n* Tôi là Lưu Hương Giang \r\n\r\n* Cải bắp \r\n\r\n* Chuyển động'),
(6, 'https://s-media-cache-ak0.pinimg.com/564x/c6/8b/47/c68b47dc1b470d84d5aeb7aaab5062e6.jpg', 'http://saokpop.com/wp-content/uploads/2016/07/bigbang-maroon5.jpg', 'Big Bang', '2006-05-08', 'South Korea', 21, 'http://mp3.zing.vn/bai-hat/FXXK-IT-BIGBANG/ZW78BOOZ.html\r\n\r\nhttp://mp3.zing.vn/bai-hat/Fantastic-Baby-BigBang/ZWZFZEBB.html\r\n\r\nhttp://mp3.zing.vn/bai-hat/Bad-Boy-BIGBANG/ZWZFZEB8.html', 'Big Bang (Tiếng Triều Tiên: 빅뱅), thường được viết là BIGBANG, là một nhóm nhạc nam của Hàn Quốc với 5 thành viên thuộc YG Entertainment. Big Bang được biết đến lần đầu tiên qua những tập phim tài liệu ghi lại quá trình hình thành của họ được chiếu trên TV với tựa đề The Big Bang Documentary từ tháng 7 đến tháng 8 năm 2006. Những tập phim này cũng được phát lại trên GomTV và MTV Hàn Quốc. Thời điểm này nhóm có 6 thành viên, sau đó một thành viên đã phải rời khỏi nhóm (SO-1, Jang Hyun Seung) trong lúc các tập tài liệu đang phát sóng trước khi nhóm chính thức ra mắt, để cuối cùng trở thành đội hình 5 thành viên như hiện nay gồm: G-Dragon, T.O.P, Taeyang, Daesung và Seungri. \r\n\r\nDưới sự dẫn dắt của YG Entertainment, Big Bang liên tiếp phát hành những chuỗi single và EP và đạt được những thành công khá khiêm tốn. Cả nhóm chỉ thật sự đột phá với EP Always (\"Luôn luôn\") được phát hành vào năm 2007, làm tiền đề cho single số một của họ là \"Lies\" (Korean: 거짓말; Âm đọc: Geojitmal, Nghĩa: dối trá ). Những EP tiếp theo của họ là Hot Issue và Stand Up khẳng định vị trí của họ trong số những nhóm nhạc hip-hop hàng đầu tại Hàn Quốc. Sau khi được trao giải \"Nghệ sĩ của năm\" của chương trình Mnet KM Music Festival và giải thưởng \"Seoul Gayo Daesang\", cả nhóm mở rộng hoạt động sang thị trường Nhật Bản bằng việc phát hành một số mini album và single được phát sóng trên các kênh truyền thông. Tuy nhiên, những sản phẩm này không có được bất kỳ sự quảng bá nào cho đến khi single thật sự đầu tiên tại Nhật Bản của họ là My Heaven (\"Thiên đường của tôi\") chính thức ra mắt vào năm kế tiếp. \r\n\r\nCuối năm 2009, Big Bang trở thành tên tuổi nghệ sĩ được tìm kiếm nhiều nhất tại Hàn Quốc. Họ cũng trở thành nhóm nhạc nước ngoài đầu tiên tại Nhật Bản nhận được giải thưởng của Truyền hình cáp Nhật Bản với hạng mục \"Nghệ sĩ mới\". Trong thời gian gần đây, các thành viên của nhóm dành thời gian cho những công việc cá nhân: Taeyang và G-Dragon phát hành những sản phẩm solo trong khi T.O.P, Daesung và Seungri bắt đầu sự nghiệp diễn xuất. \r\n'),
(7, 'http://saokpop.com/wp-content/uploads/2016/11/t-ara-tiamo.jpg', 'http://znews-photo.d.za.zdn.vn/w480/Uploaded/neg_iflemly/2017_02_10/16602633_256105414842201_876031295026746073_n.jpg', 'T-ARA', '2009-03-12', 'South Korea', 21, 'http://mp3.zing.vn/bai-hat/Day-By-Day-T-ARA/ZW60FF9E.html\r\n\r\nhttp://mp3.zing.vn/bai-hat/Sexy-Love-T-ARA/ZW6WWUZ9.html\r\n\r\nhttp://mp3.zing.vn/bai-hat/Cry-Cry-T-ARA/ZWZEO06W.html\r\n\r\nhttp://mp3.zing.vn/bai-hat/We-Were-In-Love-T-ARA-Davichi/ZWZED7EA.html', 'T-ara là một nhóm nhạc nữ đến từ Seoul, Hàn Quốc được thành lập bởi Core Contents Media trong năm 2009 \r\n\r\n\r\n\r\nTrước khi đứng trên sân khấu, nhóm đã được đào tạo chuyên nghiệp được trong vòng 3 năm. Ban đầu, nhóm chỉ có 5 thành viên. Họ đã cho ra mắt bài hát đầu tiên là \"Good Person\" trong bộ phim Cinderella Man vào tháng 4 năm 2009. \r\n\r\n\r\n\r\nT-ara phát hành ca khúc đầu tiên mang tên “A Good Person Ver.1” nằm trong bộ phim truyền hình dài tập “Anh chàng lọ lem” (Cinderella Man). Đáng chú ý là thành viên Ji-yeon đã kết hợp với hai girlband nổi tiếng Seeya và Davichi trong một nhóm nhạc thử nghiệm mang tên “Thời đại phụ nữ”. Một gương mặt cần phải nhắc tới nữa là Bo-ram, con gái của danh ca thập kỷ 80 Jeon Young-rok và diễn viên Lee Mi-young. Lần xuất hiện đầu tiên của T-ara trên truyền hình không phải là trong chương trình âm nhạc mà là chuyên mục talkshow “Ngôi sao đài phát thanh” của đài MBC vào cuối tháng 7.'),
(8, 'http://img.mp.itc.cn/upload/20160815/01c4ef1b24d44808ac73648adc8d39cf_th.jpg', 'http://www.rapbasement.com/wp-content/uploads/2013/12/img-flo-rida_101821927217.jpg_artist_detail_hero.jpg', 'Flo Rida', '1979-09-17', 'United States', 13, 'http://mp3.zing.vn/bai-hat/Whistle-Flo-Rida/ZW60IFA7.html\r\n\r\nhttp://mp3.zing.vn/bai-hat/Good-Feeling-Flo-Rida/ZWZD89AF.html\r\n\r\nhttp://mp3.zing.vn/bai-hat/I-Cry-Flo-Rida/ZW60DECE.html\r\n\r\nhttp://mp3.zing.vn/bai-hat/Elevator-Feat-Timbaland-Flo-Rida/ZWZA6E0A.html', 'Tramar Dillard, hay còn được biết đến với nghệ danh Flo Rida, là một rapper người Mỹ. Lúc thiếu niên, anh đã tham gia lưu diễn cùng với nhóm rap địa phương 2 Live Crew.[1][2] Sau đó, anh xuất hiện trong nhiều bài rap mixtape nổi tiếng và những album phòng thu, đáng chú ý là We the Best vào năm 2006. Mail on Sunday là album solo đầu tay của Flo Rida; đĩa đơn đầu tiên của nó \"Low\", hợp tác với T-Pain đã trở thành hit #1 trong 10 tuần đầu của năm 2008.[2] Hai đĩa đơn khác từ Mail on Sunday: \"Elevator\" và \"In the Ayer\". Năm 2009, album phòng thu thứ hai của anh R.O.O.T.S. đã được ra mắt; đĩa đơn của nó \"Right Round\" đã chiếm 6 tuần liên tiếp trên đầu bảng xếp hạng Hot 100.');

-- --------------------------------------------------------

--
-- Cấu trúc bảng cho bảng `category`
--

CREATE TABLE `category` (
  `cate_id` int(11) NOT NULL,
  `cate_name` varchar(30) COLLATE utf8_unicode_ci NOT NULL
) ENGINE=InnoDB DEFAULT CHARSET=utf8 COLLATE=utf8_unicode_ci;

--
-- Đang đổ dữ liệu cho bảng `category`
--

INSERT INTO `category` (`cate_id`, `cate_name`) VALUES
(1, 'Nhạc Trẻ'),
(2, 'Nhạc Trữ Tình'),
(3, 'Nhạc Dance'),
(4, 'Rock Việt'),
(5, 'Rap / Hip Hop Việt'),
(6, 'Nhạc Trịnh'),
(7, 'Nhạc Thiếu Nhi'),
(8, 'Nhạc Cách Mạng'),
(9, 'Nhạc Quê Hương'),
(10, 'Nhạc Không Lời'),
(11, 'Pop'),
(12, 'Rock'),
(13, 'Rap / Hip Hop'),
(14, 'Country'),
(15, 'Electronic / Dance'),
(16, 'R&B / Soul'),
(17, 'Audiophile'),
(18, 'OST'),
(19, 'Blues / Jazz'),
(20, 'Indie'),
(21, 'Hàn Quốc'),
(22, 'Nhật Bản'),
(23, 'Hoa Ngữ');

-- --------------------------------------------------------

--
-- Cấu trúc bảng cho bảng `listartist`
--

CREATE TABLE `listartist` (
  `id` int(11) NOT NULL,
  `images` text CHARACTER SET utf8 COLLATE utf8_vietnamese_ci NOT NULL,
  `name` varchar(50) CHARACTER SET utf8 COLLATE utf8_vietnamese_ci NOT NULL
) ENGINE=InnoDB DEFAULT CHARSET=latin1;

--
-- Đang đổ dữ liệu cho bảng `listartist`
--

INSERT INTO `listartist` (`id`, `images`, `name`) VALUES
(1, 'http://zmp3-photo-td.zadn.vn/thumb/240_240/avatars/a/f/af06c01c0fbd6e1b142c74b977f82d24_1492134247.jp', 'Nghệ sĩ Katy Perry'),
(2, 'http://zmp3-photo-td.zadn.vn/thumb/165_165/avatars/6/6/66072ac1c3cf9623657eaafae5e3db35_1443094519.jpg', 'Maroon 5'),
(3, 'http://zmp3-photo-td.zadn.vn/thumb/165_165/avatars/e/e/ee58fcc0ff45002b8d416bd7685809ce_1487040461.jpg', 'Sơn Tùng M-TP'),
(4, 'http://zmp3-photo-td.zadn.vn/thumb/165_165/avatars/b/9/b9355dbc597fa6bd1a2940f55866789a_1473753494.jpg', 'Lưu Hương Giang'),
(5, 'http://zmp3-photo-td.zadn.vn/cover3_artist/0/a/0af56bf958611ab7320da88e99084d33_1467690507.jpg', 'BIGBANG'),
(6, 'http://zmp3-photo-td.zadn.vn/thumb/165_165/avatars/d/3/d372eca7bc67d9bb0c5d2a60a63b82b5_1438589673.jpg', 'T-ARA'),
(7, 'http://image.mp3.zdn.vn/thumb/240_240/avatars/4/d/4dbefec2ecad87b8dcdd4714101d2787_1456315264.jpg', 'Flo Rida');

-- --------------------------------------------------------

--
-- Cấu trúc bảng cho bảng `track`
--

CREATE TABLE `track` (
  `track_id` int(11) NOT NULL,
  `artist_id` int(11) NOT NULL,
  `category` int(10) NOT NULL,
  `publishment` year(4) NOT NULL,
  `track_name` varchar(30) COLLATE utf8_unicode_ci NOT NULL,
  `rating` float NOT NULL,
  `view` int(11) NOT NULL,
  `track_link` text COLLATE utf8_unicode_ci NOT NULL,
  `track_avt` text COLLATE utf8_unicode_ci NOT NULL,
  `lyrics` text COLLATE utf8_unicode_ci NOT NULL,
  `name_art` varchar(40) COLLATE utf8_unicode_ci NOT NULL
) ENGINE=InnoDB DEFAULT CHARSET=utf8 COLLATE=utf8_unicode_ci;

--
-- Đang đổ dữ liệu cho bảng `track`
--

INSERT INTO `track` (`track_id`, `artist_id`, `category`, `publishment`, `track_name`, `rating`, `view`, `track_link`, `track_avt`, `lyrics`, `name_art`) VALUES
(1, 3, 1, 2017, 'Lạc Trôi', 1, 1, '', 'http://v2.cdn.nhac.vn/kv0puCNE4oNNfn7YhOpK/1486108997/v1/album/s1/0/19/342/20273455.jpg', '', 'Sơn Tùng MTP'),
(2, 3, 1, 2017, 'Nơi này có anh', 2, 2, '<iframe scrolling=\"no\" width=\"640\" height=\"180\" src=\"http://mp3.zing.vn/embed/song/ZW78DIEO\" frameborder=\"0\" allowfullscreen=\"true\"></iframe>', 'http://v2.cdn.nhac.vn/kv0puCNE4oNNfn7YhOpK/1487756069/v1/album/s1/0/19/460/20394268.jpg', '', 'Sơn Tùng MTP'),
(3, 0, 11, 2017, 'Có được không em', 3, 30, '', 'http://zmp3-photo-td.zadn.vn/thumb/600_600/covers/e/8/e84c8010ce0a9e83a1ec21484585d197_1489396345.jpg', '', 'Chi Dân'),
(4, 0, 11, 2017, 'Từ bỏ', 4, 31, '', 'http://zmp3-photo-td.zadn.vn/thumb/600_600/covers/6/1/6139966b2908191304ee82728f4c6f41_1490064048.jpg', '', 'Khắc Việt'),
(5, 11, 1, 1982, 'Felicità ', 4, 100, '', 'data:image/jpeg;base64,/9j/4AAQSkZJRgABAQAAAQABAAD/2wCEAAkGBxMTEhUTExIVFhUXGB4YGRgYFxgYFxUaGBgdGRcYGBcYHSggGBolHRcXITEiJSkrLi4uFx8zODMtNygtLisBCgoKDg0OGxAQGi0lICYtLS0tLS0tLS0tLS0tLS8tLS0tLS0tLS0tLS0tLS0tLS0tLS0tLS0tLS0tLS0tLS0tLf/AABEIAOEA4AMBIgACEQEDEQH/xAAbAAABBQEBAAAAAAAAAAAAAAAEAAIDBQYBB//EAEAQAAEDAQQGCQMDAwIFBQAAAAEAAhEDBBIhMQVBUWFx8AYTIjKBkaGxwUJy0VLh8RSSwiMzNDVigqIVJFOy0v/EABoBAAIDAQEAAAAAAAAAAAAAAAABAgMEBQb/xAAwEQACAgEEAAUDAQgDAAAAAAAAAQIRAwQSITETMkFRgSJh8HEFkaGxwdHh8SMzQv/aAAwDAQACEQMRAD8An0pWqNa3q5kuxht6BdOoka7qEoWmuWm9em9AlgbIumcBe1wM9at4Tm0ySAMScI4qxo9DKFu7KplaoSe04Ym72JkSYnsiMI4zuTmV6mF4nMSA36fqMxnug/jS2mwXaJN3FrhLv1SCDG4EAeutQWhoFGngLzi4zAm6MACdYmUqKk91U33RWWWqS3tTM64yzGXlxlTgonRdK9WYCAROMgEEDE4HcEbXpf6VRzqbRLgGQ1oLcZN4t1RhipFjyKLUSqvJXlanR12i+WG8AHF0YDGCwHbBk+WpdsNBjqYY4C/ULrjsAQWxAO4mQixeNGrXuVV5IOVp/SgUQ97RIJwiC4kw0OjGBdcduSZZiKjKgcxoLWFwc0BpEECDGYM60rDxVVpfYrryQciaNkJbeJhsxgJJOuBukSd4UtnsZFobTdBh2OEgiJPoiyTyRVgJKaSrltlvAtLGg1HAUy0DswZdLm4YN1HFBCs0PhtNrmTGIlzhtnUTuRZGOW7pAd5cvK/raPp9qkGi+bzmOOBhpENJ8H47kLWs7LlJrAC51SL36gIBgamyf/FOxR1EX0ioJXJV0ylRL6stAYX3GH9JM48MAfFCmxENuFn+oalwbeyO14YtRZNZk/z869SvvJX1Y6QsQZTYQ0iHFpcQRfwBDhP096ELYKV6oxsTLgDwnH0SskskXHcQXl0OVy2xtffBYGSf9M9oOugkkwTiLozQllewva3qwWkhuM3sTE3pwPDBFkFmTul0A3knOOpWtvsDb1MMAE3gTq7DiHOOOGAldqWVjaxwmk1ocZ1gtEa+8T7osFmi1wURqOn6h4Tj5H3/AAWh7oHenWOW8FfvoRTpuFJklpc4k6rxugdoTgPZJlmvMDmUWkue6JmGsEQDiNZPkgh4i7+PQz5qPw72QkRkdeN3mEQxxgTsRWkwzrHdWIbqz2YxOqZQsIL4cqyWUTY64bekGS2AQYuzmctmHihV1ASimqYVZrUGte0iQ8AYGIIMgqSra6brksd2WBoF4XTE4nCcygZXCgi8cW7C9GWltNxc4Ey0tEGCJwkb4lE2O206YIa1xmDJuyC3uw3EYHHPUFVroQKWKMuwyw2u45xcC4Oa5pxx7WvHWlaLSCKd2RcbGrOS68PEoRdKB7FdlnX0oKl4PabrrpF2Ja4DEwcCCSUI+uA0sYCAe8Tm6MhhkN2KHXCgUcUY8IsaFub1YY6+C0kgscBM5h3lmo7HaQ1z3OvElpAM4gnWZzwlBpIDw48/csNH6QFNsXSSHX27Mi1wPEFQitTa68wOJBlodENOqYPajwQiagPCjbfuGW61B5aRewaAZz3mQcZJJ8URS0gwPouuuim2Iw72JvDHaZ8FVpIB4o1QTVrN6trBekOc44CHTAGvDAepRdbSgczG8KgbdvCNvaOeZAaCeKqkkA8UX2FMtQ6p1N0klwc05wQCDM7im6OrtY+8Z7pAIiQSIBxIykoZcQS2KmvcKsVpuPvRIgg7SCIKdSrMpm8y85w7t4ABp1HAm8R4fCEShFA4Juw51u/0RT+qTLv+kkGPEiTwC5bbdfaxoEBrWg/9RaIBO4DLiUEkgSxRTv5LG116L33j1l0AANutyaIib3xrTLRbGzSLAR1YGEDMOvEgycydaBSRQLElX2J9IVWuqOcyQ1xJggAicSMCdaGXSuFBZFUqLDR2bvt/yajesO0+aAsGbvt/yaiysuZ/UcvVv6x4qnafNdNQ7VECnBU2zNbJDUO1cvlNlIFFsLZIHp4PDyQ8qUFO2G5kk8PILo4DyH4Ud5OD0Ww3MeY2DyH4XRGweQ/CjlOvIthuZxx3DyH4TSdw8gulR1Hoti3P3O3tw8gml/DyCoz0jpi8XYNb4k7o2rPaR6XVHg3AGN2nvehwKE2w3P3Nw6sJjDyCGtNvDdn9oK84o6beHTeI8M0daOk4InXu2oe4N79zd2a2XhkAd7R+FKam4f2t/Cwli6VGe6QOI+Vq9G6QbVbIz2JXJD3v3LAVNzf7W/hIP3N/tb+EwFdS3MN79xxfub/a38KM1Nzf7W/hIlMcEWw3y9xxqnY3+1v4Tet3N/tb+EwpIt+4b5e5yrWOxv8AY38KG1iHuj9R9116Vs77/uPutGBt2bdFJuTsJsGbvt/yaiShbDm77f8AJqLaEs/mKtZ5/gTUiV2U0KgyockV1hg4q5odtvaDSw5CM9wCklYm6MZpPpDSo5mTsCzdTpy8uMUxdnAfk7VoumXQJrg6tZr17N1MmcI+icfCeCwll0e3JzvD+U+F2CtlvW6avzbSA4kn0CjHTOvM9WyOB95QVSk1uQ545oSs0ayOeKSodP3NFZ+nlQHtURG535V/o7pdQqm7JY46nYeswvNXUxqxTWWcuOATaQuT2ltUHJZ3phpc0mBjc3zJ2AZxvxWY0Rp+vQc1lQ32HDHMcD8FR9JqxNS/JhwlpJneRu1KNDZWPqF8+yDdVjWZRNBpdi0HhqUz9GOce7CluS7GoSfRXNqhxxk+KlFKO7s2qS0aJqNBIBwE+ChY0wJn2TUk+iLi12R03EHEKxsGkKlJ16mY2jUeI1oVrhz+66+qIhAuj0jQWmG12bHjvD5G5WxXk+irY6jUa5uc69e5ep0XyAdolQaodjk1OKakFjSmSnSuOCQDKgTbYO277j7pzjgm2zvu+4+606ftm7Q+ZhFizd9v+TUVMIWwZu+3/IKYuSz+YhrP+z4HBOBUQcnXlSZQmzMvOg5ZngmWfpPQFpNNzwxrWw0kgNmccdWGHms1pPpE8F9GnAA7ztc7Asjbm3jjrTTBqz0+29NqFOvSpio17XSHuaZa28RdM7sfBV3TjQTWEV6QAa49oAYTmCNWOPovNadEevPsvSeh2lRWouslZoIaDcO0DVuI1EfCk+RVXJiLU4RCqa1RE6QrtL3BjrzQTdJwJGrDggCZSSod2T2aleIWh0VYpc0bOT7+qrNE2UntHABbjoxox0X3iJy2qnLLijRih6sptM6GmmSBjmOIy53rM221F7mt2NjxPaPwvQdP6Rp0gWwXHYMY4rziq7/VcYIk5bNyWC65DOlaNt0bsDQwGBktGyw03d5oPwqfQrgGYmAAM1e2Oqw6weCyStys2pVGkMq6LYQQAIIhV7+j9DWwFaB1MbUBXcNvBKVoiuSltWgaESKYHBY/Tmj2teIC3tpfgsV0pfBBV2CUt3JTnitpn6jYK9O0BULqFMnO6F5iwy4DbgvVdG2YU6bWA4AQtkjCEFMKeVG5QARXCkkmIicm23vv+4+6dVXLX33/AHH3WjT9s36DzMnsZxd9vyE8lR2TN32/ITilm8xHWef4HBDaRtFxjnbB/CnlU3SFx6uNpCoZlSM3S1k4kySo6uPmpW5+Chq+yETrgFOE8R+U5tocGQHkTsJHsonOmUboiyNq1WMceyTjGwAn4U265Eo7uCmerDRtNuts+ULUaa6LUwew26IzDif/ALZqpo6IqMxumBmqvFi0WeBKPJruj+imFoLsY1ap+VeWh90Ki6NWqHXTw8gtHaKQIVElZqXHZgtMWgueAGECRiRAOOZOZUuluirXPZWbeumBUDImMrzZ9Vo7Zo5pxIGGSMo2ykKTQXCTIjM4bdg3qO9roJwTRibNSe4NLqctmLkOnOM7wgxtRL7AGuHV06tLab0+knyWoslnkk4QcYTLXREd0Dfr8EllZJQVgdocTSaWvfiMIABPqqQ2VpxLar3Z946/+4K8r0IptGofCMs9AOAMA+Pwoxk0TnHjkydgLrwaZa0mHA3pbP1AFxBVV0mZeYHDIecb1v8ASFlgYBvqsXpduF3erIS+ooyRuJk6bSDOOGPkvSdBaQNVgvZ58Vh32XFoGJcYG/b+PFbrRNm6tgbsWpuzE40WTionFOLkwlIgJcJXJTSUCOPKVs77/uPuuOTrZ33/AHH3WjT9s36DzMlspxd9p9wuuKbZc3fafhIlGbzBq19Y8ql0/wB0blb3lWaWIungVQzMkZs7VDW1qSocFDWQibQAMHeKKsVqFOq12oETwyPoUFVEEprziptWQi6dnrtmpCqAZkEC6dUbuKVaGktPIEZ71gei+lK1N3VtqENzg4jyOXgtZVr1XEFxERqEZrFkjtdHQxverINBWMmq530gkDzy9FqMgqjQzw1t05yfHFWL6qLHJcgmlLXdYVn7YyQ0wRcIqFxkDAyQJzzV5bmXobqn4Ky/SBtWHtFQuF3GTkJnDyRFJsjN7YmkbpEhgjMmJ2b/ACCZXtLi2G4nec1VdGbcKjA05x6hWjbDTbULnF4Dh9JwB4KpwadMvi01ZFadI1XNDBSyz2J9jrOAN7AzOCtTY2FuFZ8cMd2riqa06PDn4PqFoOsxPkpuIKSfCCKmk+yZGI8islp6t2wcAIx3LR24NaAMBrPhksV0jrXo3u9AFLDG5GfO0ojmaUa2uxzYIaLskHM5kbFubLWDmhw1rzKyWYvcA0Yr0PRNn6um1uuFqaSMFt8ssLy4VxcKiJoTimFIlNc5MjRxxUlr77/uPuoCp7Z33/cfdaNP6m7Q+Zklm+r7SklZx3vtKaCjN5g1XnFCDt9hbUugg4E4DI4a/wBt6Nup9Oyl2XM/yqSmHZlbXZBJDdSq7SyPL4WottkFKtjNxwjLXKA6R2YNhwGBHPP7qCtF88fFmSrhR6+diIrM3IZwxVpkaLPQ/wDuNPOa9EszwWw5eZ2GrdcFuLDWvQZ1LLqE7s26fy0S2xrhkcPVR0dLXcHT7qr6QaSFL6pccgFmX6RrP+qBsHMpQxNqyeTPGPB6RQ0xSOZSrUmVD3ZEY4e29efaPomWlx+rMndvWydp2k3AEu4DD1VixU7KZTcl0A2jR/8ATVL7D2CcQT3Xao3fhaCnag4AjWs5atL9d2LkCc5xXLLbjSMES1Qyxt8F2C0uTXtGEzghetAkygWdJqd3I8FR27SpeTAhuzbxUNjZaS6Wtt4k7cuCzOl/p8fhXFKkXGSorRg/uNdh9QkDerYNRdFGaDcRnRqyYh4i8Nsw3ZgDiY91tLHRJb2nwRuEKk0BZHUSHmCDiRGUjOVb6RtV0tLT38CABiB+6py5G5cMUMCSVoNbQgSSoL2AO1csb3OYSdRzXCy9Sa4atfAY8VXHLJPkU8Ko44phKmq0SMyMkMXLXGSkuDHKLXYiURbO+/7j7oVxwRNt77/uPuVs0/qa9D5mSUfq+0pjVJR+r7So2hGfzBqfOE2eneMKyAAEDnbPnr4HUVDY6UCdZ55+QpiefbnyOpQihQjQPa7MHiHAHj8z4fMRKzWl9AVA0hh7P6SZjx8/VbAc8/EbcF11MEYgRzz4+Cbii2+KPH7TSc0w4QdhQbgvRtN9HBUktzzjWDuJ9ifJYvSWh30xewc0YSPpOxwOIKh0Z8mKuV0VYKthpbq6eB7RyVMBmo6jcUnFPsqjNxXA81HPcXPMnmAi6Lchzt/CFaMUVSGKbCCtlgIjeUVY7New2qOyUbxV5ZqMalKMeDq4sSStleyzlrgCrGpZbw3o26CIgeKe2njgsuXDK7iWRSRRO0edydT0eretROr4XW04GKpayexKogjbNAQ/9DfcTGGX5Vs2mNfkFJTaCQ0DBSWNxTlIjIiFI5DLal/RtAmMecOCt+rAChqMEEuwhY6bKtxX1qhZSJ2ypgQ2jSpkagD8/KH0hXDWjEFsgxrzmPFDVbWatS81puxGM4HWYWiONy6DbuCa9ta57ox+nhGfO5R3l2zw3ADBOqAHELTHFsRlz4n2iJxRVsPbf9x9yg3nBG2zvv8AuPuVr03qPReZktA977T8KWxU5duTbDTvEja0qxZSDRA1czw5wwKebzDzr/kJQeeedhGSRPPP7Hik0886/XiuxPPp+3oooSF/H7ft6J45558EwDn43+3BOLuceGPOvHEKQxgdOXlr8jwQdo0WypJODojiNYcNY5kI5zNevmedvFInn2PP8Id+x55pzoZVaS+k2839M4jhOY9cdeZydVhDoIgjCF7cMdcb+efjIdNOj3WA1qbe2MXAfUMZMbQI4woNUUZMfqjBU2ZIuzMl0KKkcMUfZG9tpULFij9SL6x2e6AEcwxzztKiYZGHP5Usq4648O5/dFU3IJpRYaQIKRFjqjoUXW7vhRVH487U0H3+UgSJ+tH7ouxM+pAUmyecI5KtmiBCwarJ/wCURn7D3OWe6Q6TN7qmHe4+wVvarQGNLtgWVsrL7i931H3UNNDc7YoQthdkpDAuJJ388ESXAc84KOIHPyo3Hn53LoVRdRK6spKdTFBXuedacxyCLiguvh4iUbbD23/cfcqtqPlvDn8Kxtnff9x9yp6bhsy4YbckkG6LdDzwPwrK+PEZ+XIVZo0dvwP8KerUEgbZ8S7IHjip5fMLJG5BfP7ft6Jx5/H7Y8EKyoZw1j+D7A8FI2rPOonD3CrIbSaZ/nkH1Tb84OwPH52+XHUm/wBQJAJicj8Y+2RSqMnA5c/HJCYUNqWgsMEE+E/zhq5EtKu1/dPHWefeNoQ7arm4EXm+cbNs+u6VHaKId2mOg857PbeEEqQcdfM887+tCrKVvc3s1B4887ozObXDhIIPPP8AGTFKDR5/0s0aevc6nTdGboaYnOfFU9KrAXoZrm+OKE010abVmpShrziRk1x+D7781XKIpY9rspdDVpbB1FWbQq3Q1kLS4OEEGIOBVwLOdhTi+DanwrIB74rvWH0lOu5KAjVuyTJEhOXCfPn1XWHDw91YabsBaA8DUAfPA+vqENYbI55kDszn6eKM0JQe1K36GLDr8OTB4zdL1v0ft/YKsdPWiKr4SgNyQFvtMBcWd7mn2Wxe+pIrdNWokBg1888U2jTiOec0PS7bydmHic/hFu1rp4IbYmlKkPacI/HkhqhhEIW2nXzirmxjSNaQPPPh6rtfDnnj4KKcPfnzUbAnY6Z55wVxa++/7j7lULTE88Ve2s9t/wBx9yrsC5ZVtqdhlgPaP2nz1eqkOJnxG4DBvv6KCxtJcYmY+RPojWWN8YtdkBkcQTj7+ieXzFORpSESDOGJEcIjD1HkuvaRi3nER7hIUHj6XeRzOHuAp2UH4S1wyzB2N/8AyVWipySVgNdgwxABAz1GBjvx52ds9sINx3e1GcD4/GHnidK/ouSP93/x/dQ1eh16JrGRkYxG7PJT2lK1eJrm/wBxXc/nnzAzQ1SzkG83Py/f545q3tWgnUWXusL8QIjHkefshxSd+l3kefjZBSaoljzRlzEqqhDsHiN+ry/GG4oQh9Iy3EbOGw7ecAtA+xl2bT5H8c6xrQdXRrxkHcI9Mf3Gycki6ORdANnq06hwwdrb8jaOCsesIGAnyj8eIwOsIqn0Q61ranWXCccjgffnUrDR2iw1zqVRt+7B6wYSSJjPOFYsdmTNrsarbzZnjZusDnuZcDc3ZRx2jz3HUJbKMSTjAgbIgA7di1Vvs9MUrh7LdwmcMcNazAs4bPVh8apaR76ucESgqtFeHVucmpL9K6X6sjr2FjpMQd23gBCqP/T3tqNbBInONU69ivmMP6TsyPPh7o2zPaI7JBOuPDBPFi3O7DWa6WCLik3a79F8j6tma5ga4YQq/SVYMFxuEc+nyrclVumrJLbzc+efJaNTveKWzujz+l8NZo+J5b5/P3X9jP1qqodI2qTAx/Oz2WhsWhatoa5w7LGgm8QcYGQGtZKy9t86gfU8+689h08rUpI9rjyQlJxi+uywsjLrRtj1P8qQnHnnauE5efkmhjnCACTsGJXQ4SNB0P8AZQabpGm8MdnIPEHX7+RVrYdFVS9ssIbeBM4YTjgcf5Vvp7QrbRcN665hziZBGIiRrg+e1crUftTFizRjaceba5r26Kp5EnwYyrWlw3enJKcDjlhs9fyrq2aLs1nE1HOe85MkNnwAlo3qle8EmAGjYMhuxJ2nWten1Mc63QTr3aq/09ScZbujpdmOeZV9au+/7j7rPxnzz9S0FqPbf9x910cPbCXYnBKEip6NmkXi5rGk3Q50ht6Ji9EAxtzlXN0VymoK5MHuqSz99vEe67Vow1jwQ5r5hwykYOHEYTxXLN32/cPdOPJGU1LG2vZnrLVlekOmq1GsWMIuwDi2cxitWEHatIUWOuve0O2HNVx76PPwaTTav7GGt+na1VhY+Lp/6YUuhujr6wvE3GbdZ4BXunK1GsxtOm9hLqjcs4nFXpbdZDBkOyOAwVjdI0vVbYbca2+/r/Mzj+hrYwquneBCzek9G1KDrr/AjIrT6JsNrZWv1DLSe12pz3I7pVZg+zuMYtxCL5oeLUzhNJu1+fyH6Nv/ANPSDAJLRicm/kqrtDqptAs4qXREyBridZk+au9Cf7FL7Qqh3/Mh9n+KIy5Zj8NNtv2O9IKDn0y0mCxpcSNcEAEcZ9Cspo3R1Su66wcScgvQNOj/ANvU+0/Ci6O2QU6DABi4XidpKW76bL9PmlhhKKfLfH2/OCmp9Df1VjO4Yeqj/wDQTQe13WFwOGOeGPwjNP8ASU0X9WxoJGZP4VW/TzqzJeA26Yw13sFPHe7khqXqZYHJW0+PTm2WI0U+uLwfcE9nCSYzPCfZRaKsFV5qNc8XGktmJJI3agtRZ2gNaBlA9ljLFbKgt3Vh5DDVMtBwPFCySdmbFpU8bjSfDb9/h1ZqrPZCKRpkjIgEDUcpG1Zq29HKlNjn/wBQ43ROv8rW2sxTeRgbp9l5rV0xXcC01XEHAgnNVxt8m3SYsjtYnVV3/pk2i7DaK57Ln3dbi4wPyr+n0WfrtD53THqVBonTdOhZmgyXkkho46yiNE9IataqG9ULhOJE9nfKJx3JppV9y7LlzO5LiKv2X+/gHtOj6lIi89rmnIxBkbUFVt9Npuk8YEgeS12lrK1zHOM9lhjcYz9F5iSvPy/YWLNmlkn9MfRR49OzTpJeKmn2v6hluqkOltQkHHBxw2jch/6p/wCt39x/KildK7uHH4cFC7pUblFDjaH/AKneZUbzOJz90ikVaSSSJSjazbS6k2pSc1tGiBLWkisKhvh7hGd4Pp6+6HgQcwiUypTDhBAImYIwkTB44nzKhOO5UZ8+HxEvsXVusTqNH/Vqmo6oWmmzLqro7ciT2rzntcZxJBgXSquyjtt+4e6jY2AAMAMhqAmcBqxJPiU+m+CDsM+RUoKiOPC8eNx9XZ60sB0y/wCJP2t9lOOmFX9DfVU+lNIGtU6xwAJAEDLBEY0Y9Lp8sMiclS+CGx1rj2u/SQV6ex7arJB7Lh7heVSrTRWnKtDBplv6Tl+ybVl2s00slSj2WNs0Pa2uN1znDUQ7V8JlXRVpFN76jyGgSRekndCMHTLDGljuKr9JdJalVpZDWtOe8Jpv1M0cWfhbEvvS/P3I1+hP9in9oVQ7/mX/AGf4qrsnSmoxjWCm2GiMZlCnTruv6+429ERJjKFFLlkFpc3P0/xX9za6c/4er9qh6NW0VKDYOLRdI2RkszaulL6jHMNNoDhEiZVTo/SD6LrzDG0ajxQo/TRKOiyOLbVP06+TX6d6M9c/rGODXHMHI8FRaT0C6z0w5zw7tjAZSdZnNWFHplh2qWO4/lV2mukJrtDbl0AznjgnG12Sxw1KqFOvj+ZvaPdHAeywVncBpCT/APIi29MnjDqm+ZWdtdpv1HPyJM8CiKoNNpcqclJVcWvT7ezPU6jLzSDrBHmsbX6Ilt5xqAtaCYAMmNS5YemD2gB7A6NYME8UzSPS172lrWBoIgk4lKKaIQwamDagqv8AT8/qG9GOj9N1NtWqLxdiAcgFMdMkWltnYwMYH3TAEn8Ko0L0ldRYGObeaMtRCItfSoHtU6LQ/wDUQCQpeoZMGaU3ujfdc/x/wa+2MLqbgMy0geS8stVncxxa7BwzGxaqh0yw7dOTtB/Ky1rrF73OOZMqMVSNGix5YTe5Uvz/ACQLi7C4mdMUJQkkgZKkEkkETpSSSTEcXUkkDEupJJMQgkUkkwOlcSSQAimhJJIYkikkmBwLgXEkwOrpySSSBnAuhJJAHU0pJJAjiTkkkDOFJqSSQH//2Q==', '', 'al bano & romina '),
(6, 12, 1, 1983, 'L\'Italiano', 4, 98, '', 'http://anh.24h.com.vn/upload/3-2015/images/2015-08-18/1439885397-1439872278-say-tinh-5.jpg', '', 'The Gypsy Queens'),
(7, 13, 2, 1989, 'Un\'estate italiana', 5, 97, '', 'data:image/jpeg;base64,/9j/4AAQSkZJRgABAQAAAQABAAD/2wCEAAkGBxMTEhUTEhMWFhUXFhcVFRUVFxUXFxcYGBUYFxUXFxUYHSggGBolGxUVITEhJSkrLi4uFx8zODMtNygtLisBCgoKDg0OGxAQGi0dHx8tLS0tLS0tLS0tLS0tLS0tLS0tLS0tLS0tLS0tLS0tLS0tLS0tLS0tLS0tLS0tLS0rLf/AABEIAOEA4QMBEQACEQEDEQH/xAAbAAACAwEBAQAAAAAAAAAAAAAFBgIDBAEHAP/EAEAQAAEDAgMFBQYDBwMEAwAAAAEAAhEDBAUSIQYxQVFxEyJhgbEjMjNykcEUQqEHJDRSstHwYoLhFSVDohbi8f/EABoBAAEFAQAAAAAAAAAAAAAAAAUAAQIDBAb/xAAvEQACAQMDAgUDBQADAQAAAAAAAQIDBBEFEiExMyIyNEFxEyMkFEJRYYFEscFS/9oADAMBAAIRAxEAPwD0O7dJ3bhHnKBVxEbakC4SoQQjXc0GCSBpG/xVs45QjB2I5LO4iO9koJYYjoYljkR8WKWBEw0pbRHwaUtoiTmpEjoCQiJASERzBMxH2cJCOZwoiPswUtwjmZNvEce1NnIil7FDZkRxrVHOBHz2qTfAjLVCokxIzPUGxz4Jt+BHCUt2REDKWRFZlNuERPBToVORBP8AEeK2fVEFHu1PVaanJA63fooroI1ttS4DXf8AZXxg8ZEZsqqkhYJBir9xF1K0lpd5LSqOVkRCpRgxyVLhgR3ImwIkKcg+GqYRVvUWOj5MOWm07syr5Um1kSM5pLO1gdo+7FOo5ImgWMtnzV30HtyIy9kqNo5F1FNgYvZZEtmdyuVHMcksGWowhZ28DFbVTnMhi8W5LSRwWv6eY5FuBlZYqiwx0UEKpjmihaFwkRHir4W+Y5yIzvas0uHgRWWphEhauLc2kdVeqGY7hFKpitshFuZXiDz3anqiUyBJqS4Qglb1m5W+AIWuEltH2NmIBZX1FjB1Q2j7dxttKwDQPErdGajHkThgormXErLUlkiQKpyIrlLJLB0BMxYJNakhG19RvZgTEcFsnLwCSyYwsbiS2NdThTp4KzZTezJBPDctamnDAlyYYWQswfAKD5K0dN2xlN+d7WyOJhaqak4cD8gC72jt2/8AkB6KtWk5D7kCztfQJhpJ8lF2biJcjJYY3SyNk75n/TpxWhRxHAtuRbuMcp5yA4HUjeh9W1lKWUT2M5bYxTeS2QHA6hUStmhg1h1YQ/Xe2PNX057INDGVYZvdIciCnxhciawbaEdkRLZnj9kQjNfSIZBrhrohzWZDnVLaxBmqe8eqKTZEmyomTHRRilxDNOavpsIafTU8pmu1qy1vRVyfJkqx2yaLahkQmT5FTeGDLG49o5szE+qvrPC4N95TSopoJGqsbmC2fFxTZEuoMv71zKgjdGoWulBSiGbe3VSmErWsHtzD6LPOLTB1xRdKRqlNHkoZXWYHAhWbsvBZSwppA7CHmXyTporqqWDdfRSawE1kBp1S3PBFrANfUP4gCdIVzS+mE9kfoZKMfxbsQAD3nc+A4mOae2pOQME/8YKlUAgkGZc4yT0HBEo09qNVpT+pPAFx6wc3vN1bMBWKpg1Xllt8UTmHUKdIZqpl2+AqKm6b4BceGy26xguEAQOsKUKP8kW2jPZ4cKjHk782h5aJTprqg9p9sq1PLF3EKtWlVnUGN/P/AJVbpKSMV3bOlLPsMWDbTPBh5B03ofcWpkzkerG6ztBQvZtlyOuqA7cTLKrmv1bmPktLoblkPvT1OlvDIdIBG47ljbaeADVpuEtrPioReHyVkoVuRgpUPeOnFEJCwcCYYx4u7ueYV1JhTS+sghZu7jeg9FXLzMyXHcZcXKOeSqHUE4ePbv8ANaKz8AWu19hBeVhBDJwn5GBd40Gu0HdARCg/CG7abjRyidE9lVy/lck4745GmvrU3MLhwO4ysm2SYGSw3k6pRTyPHzxYOwnfU6rRWeUEr/2CZWNPkFojKlkTAl/dCnWLzqABpzPBa4LMAt/xxT2kuz2neILnASP5P9I8UQtoKKA76g3C63tW/wCcFfPpg36Znfg1G8zValJ+o4KnaFvqqcnBgy2wGtVqubrAPveChO4jBYAd1SdOrgcLLYukGjMSSsM7t5MuNxC8wNlNzWMkB+p8E/1245D9lVcKLaBG0GAgOa12oO50J6Vdv3NM3C4of2KGJ4HUoOMjSZB5p/rqXDOelHa8Dnsdcg0g0uEjh4IbcweUxl1LKNs2pXrNI3yR4HgrXLCOmq3Tp28S/CKhDnUXbx7pWerBNbjDqFNTgqsQosWAKuSSWRZQRee8eqLtDHVFiS5MWLN7g6q2l1CumLmRvth3W9B6Kmb8TMNx3GWtaoZ5KY9UDsNb7Z/mtdReAM3XaQZdlaCSYAEkrPTptsCMXrnahoJFNk+JRCFplDR6meriDqrHVdxA0jhC2U6KSwGIelZjwu6c9xD3F2misdOMVhFdjNyg4A92IvpuIa9wgnj4po0IsG18qo0S/wDkladHlVyt0PTfMQzTx8UC0vEh8SRwWWrRyuAnfewzULxtRocwyChs6bg8gr3LJVbfBLAvbQXQpvL3CQ0AxzPBE7Zbo4C7WLY8/vLk1Hl7t5MonFYQE9y3CD7Zvn6KM2ENN7p8+mTdOjfnB9FXJ+EtlPFyz0TZ9ktPMHVC6/LH1JeJMMlqzAxLGQLi5itS/wA4q+K8DDFrH8Zoy7T05pE/ykEfVZqc8PCI6dJ7nE+7IVKbZA1aFnlUcZmO6WKrQo3lg+hUzU4HGOY4rXGan1K4oI4DcZ6rnc2p66wgzfL8RF9/3Lhjh+bQqlPdTFQ+5buL9guRqseAC1jKRKFAp5CB3nqUYZadlQYjDizjkHVX0UF9MXMgjQPdHQKma8TB1Z5qS+S5pVa6lcVygA/EewdVeRMT6oh9NyikF7x4pC3iO09arIzQ3kOS20reMUAm8gr8QQtKeOEIM2tc/hX+arb5DkY/jYKNn6xznp91Ko+CrSo+KQPv6p7R/wAxSj0B11n6kmUNdqE76EaPcigvtAdKfT+yphwFtS4SM2F4pUoGWnQ72nco1aMZIDZ4yPmC7QUq4icr+LT/AHQmraS9iSb4Am1lyHtqlu4Q3zB1W61g4Bl+mEpEGwI+prwge2Z5quQR07uBjA6IN87qT+iz1HhEay/IfyPGBM9/5lir9Ml+pPyhNwWWTBeRfx0+1pdfurYvwMOWfZZDHz7F/ksVHzsz6a/vNleHfCZ8oUKvMim97rZgxZp7RkCZkH6KVJ4ZRFgjAa7W1ROmaQOsrXXi5QDd8s2iN+PD2lLr91mop7WmRsezIMuWQCT82DqiR2o2PfqeqL5InC5QbGMGKu7g6rTRDGm8SYVt/dHQLPUfiYOrLE5fJbKgupGnzLgRNpqpDSObtfFGqHRBW/T+mhbL1s3JgJpx6nQ9Jjpchmg/90d5+oVD8wfj6bJTs272jun3Cer0KdKXMjFfH2j/AJj6qUFwDbrzy+Stg3dQnfQhR7kQxj+6n0/sq4BbUuiB9tTzAxrGsc1JtoCexF/dMtJB9E8cSJJ9Aiwk2jp3yeupUGsBl+mAsq0CvqbMFjtm+fooS4COm9wPYKwi9LuH/wBVlqvgassXI54Gff6rJWeUi3Uv2hCsslRAsWcfPtaXX7qymvAw7adln2PPHYv15LLQXjZRp3FdojhZ9kzooVfMZ9Q4qsz4xVDA154H7J6S5M0RHv7rK1lRukVGn/21RaMN0OToLrm0X9DRjD8xou4GD6LEo43IqsOaMg2UNfDAlTzs6o4YsknVdT1RTJA6aig2MVVGB+hUlVwX0bhwNzKmiqlU5ISk5NsyYteOZTlu+Y+qtpLcwlptuqkhVu8tTR4nWfNF09qSOlq2MaiSYuY7TbTc0M0kGfqtUHk5jU7WNKWAa2sVOQJ9xltHfubvP1VD6nQL0ZLZsd93yj1CnU6FWle5iu/iO+Y+qmugKuvPL5OUdCOoUZkKPciGNoBpT6KMAtqfRAdhIMhSAy8pqdQzCQdeKinhkXngrddPDDTO5Sxk1uu3T2mVSSM0OUbME+M3z9FCoEdP7oyioWVHOg6N003rH16krn1Az4BUEEk749FTcU3jMSWpftCr3aLDPK6gpitjw9rT8Tp9VbTeYsPWfZZHGAwUXgET1WajCW9lOnepO4U32TOizVW97M+od+QP2zcW2r3AboK0WizMyxEet7S0EdfoZhG0kkH6/pRkZVzW9s48o/ULDLGWV6b2pDTCDS84Hq+c6plRTUdr5rYyGTgKgx08PDLGBVtZHinN8F7SoyiyfTgXMdxXNX7AbmtzO68EUtKT27g5pMlGpgxFapLJ1DmorLF3akd9nQ+oWqksHKazKLk8AmkVoYBgNNo4fgz/AJxWd9Q9lfptpbs08Z3dB6qVToVaV5mgfd1Rnf8AMfVWxXhBtzzN/JClWEjqPVRl0K6PnXyGseM9mFXTfIV1NdECC4Dj4a8CpsDJY4KzdNDo1B5+KYdLg46635t44p0ySpS25ZHODuVi6Fa8pvwR3tm+foqanJv0+aUssZbTEHGuKZgtBgfT/lUSo8ErmSdbJ3HqzmZYJESNFop098eSeo8bQ7sziRq0A5x1BhBr1bZYBkeUDdqAS5gB1IInqoW8koh6xWaLX9C4/Z59J5q5iWBveDid6vpVottFGn+pGbAaDhTBLpBGgPDwQu5a38FGod9l+L2vaUX0z+ZpH9lClU2STMcXyJVjg7snYOMOgx9kYdeLQfryX6UvtmFtvRY4QQ469HKlyTyNpi+zIcGnchEvOBar8bOqe1lZncNVpyNgsa1QyJJe5jxp5aGwY14K6lHIc0ylCcZNoKFwa3MToBJPkormpgGV0t7PG76/c+vUqBxGZx3E7p0C6CEFGBG3rSjVWAvjtdzaVIgkHiR0TRjlh7Ua86dKLyAX3Lne84nqtG3HQ5ytWlU6kmOSRVL+jTTrGIkxynRMootdSeNoe2WBzOPCInhvVVYOaXbvDkwXdu77pIHePqrYvwoCXHcl8lTKoBHUeqT6DW68a+QhtffFopkciqIPDDGrLDj8C5a3Ze45p3T1U2wGQur4ScspkxZwGKNcfgnOgSCdfMKtS8WDoHRTtMgmhfkLS5cHOteLButrsuIynvKLaLKbceUNNjclmQxL5+ydNFlPdUqJo2bW1TlYeJmeqnTeDdqS4QV2BM27jwLtPogOoyzIFxXBox/4lLr91morwPkPaf2ZfBoxpvsX/KqaOd5msPVHMFPsGdFXXWJFOo99mxwVaZiRRUpA6wJHHirISbZdOrOUNuRZuXDs6YH8z/6lthB4Ye06lKNCTYyDcOg9EPfEwFVX3GdVu4hghk1VpEta1QYscgzaAaM+ZX0HwH9M4hIjtddCnZ1DMEtyjzClbR3VG/7A1fzs8iY3doV0LxtKaPcQw7S/CpR/ndVVJ5kHtX7UQCFpOdJByWBGvDbY1Xho3cTyCqm8G6xtnVnyN1tVa1/ZM/K0E+n2WSTydVSUIZihOvKvfd8x9Vrj5UcdW7svkxdv3gPEeqaT4Hto+NfIU2yqfC6FU0+WGtZjxH4F4VYcCzTqrMHO48JTVcZKdIf2GK3P/b39T/UqX5zpl6L/AEX2VIV8jmpY3Mtt7sscHBKSHhzLH8jthd72dPt6u8+6OSri+cHSWlnCjTTl1ZftTfZm0yDv1+qnGS5MurQ2xTHDYd7TaMy+Obqufvs7wKuhPH3jPSg/m+6jR5iw5p/Zl8GvGfgv+VVUe4Z7D1JDAx7BihX8xTqK++zcVR7mFIH4lWDKbieILR1K028N0jdY2/1anPQVW28U2ume9A8t6I525R0m9QhKERwYNB0HohE/OclVzvZ2FLKIZPgtAy5LWhVyZLAK2hbpT+ZXUOgc07tyYoftBxQPqMoA91gzO+bgilpT28/yA6sszYrW1yQdwhbpLA1HuIL7TnuUv84BV0eod1btRAAetWTnmSlM3gi3gYdn4ZSfV6x5LJOXiOmsY/Rob/5ObNVC6pUcd5E/qlNc8EtPk5uTYFu5zv0/MfVXKaS5AVzHFSXyYexdnHdO8cPFM6kcErZeJfIV2yHwuhUKYY1n9q/oWg09Vac77YPjJSQscDJQH/b3dT6qh9w6ZLFiLavbOZkvc1YfSz1GN5uCjJ8Gyypbq6Qe2lfme2k3c2Jj9FVnAY1Gu1VjCJp2inLS5/8ACVOa9yrWYv6UEN37O7CrTa57nENMQ1Cb6akwD7BfaBvfpHm7X6qm3XgYd0/tS+Dfi/wX/Kq6PnM1h6jP9leBn2LFXW5mV6l6iRtcVSll4B7eBZ2ruIIHANzeaJ2kMPk6G1h9O1c/cE2Fzntmzvzk/ZWVo+JtDWUnOMnIcabtB0HohU+ZAetxPBPMEtpXg63etMmRXBbIAkwkobiQv49iDHENY4FzJcfDTRELegGtN7MjzGu41Khc46kkkotGG1AGp52VVag3NHHelNcE7fuIN7Rt9nSHh9lTRXIb1jtxF4Bakjni6jSzFRm8C/gaaduBa5ee/wCqxSfJ1NRbLNMlgtrll0aHkoTqvHBVpSfiDdhhVEHNULQCfzeKH1KtSXQFXON8vkw48xjNGAQTvHeb5HeCp0nIVq1uQt7VMJDAOROmqJUXhchbWcNx+AFa2dTXKJEa8oVjmjnmi+jRYQ1rBLtS4nd0CZyG9glB/Av0jU/1KMfMdN/wRWV5zUugU2cH7wzr9lGb4CumrNY2YgXG5eGiTIVTxga8bd2b9ozDaUpqcIvODXrXkgNmyl5VdSBMtDYgNEyPFCryGHgBJ8BTGQ6aRJJ148FCh5GH9Ox9J/ATxNruyqSRuOipo9wwWbxc/wCkcBPsWqqvxMjqfqJAzb3EOxtXQYc8hrSNDpr6LRYU98+QaJmG3M2wc8l0nUkyfehFZ0vFwdMn+EzZhlVvZBo35nOHykqmrHqZtMXgkPlH3R0HogtR4kC6/cZNRyQyZ8VuuypveN4GiIUoqUyAk3GJVHb3kkjQcJKMRpQiuhFM5h9GH1m8QAD1jVTSXsHNM7MhYDdTHMrQgDV87Kg3WfET9UpdCy27iGDaBvdp9D6BU0uob1h/biL5ongr84OeC9lh3dzcVRVqEv4DVdn7vPHT1VG1yOmrT/ESZzBnOdIO4KFWOEUaPLO4M4ngBqUoDtfFD6dZQm8oGXHnfyKV9h11amJljo1GoiVvjKEllCtO4l/YSNrnIMgAN1EanwCpq1knhBnWfNH4Mt1Y3FWaVKkabekF3UpRrQhzJgApGyNamWyWggSYn/CU8byE3hDbTJU/g6ka6n+pa4dTo4+hYprQc1+0K7OfxDPP0UJ9AtpfeCrbjs7x7oB149AFTJZiRun+WbNobU1AyBxJ+qai9qNmr8xiM+x2DVKbSc2/ghd3PdIAIMY7TINKf5lCisRYd09/bYQxgexqfKqaXcMVmvyf9M2BfAb5qu4WZ4G1P1EhI/aI99WoWgEtp5dPEjeiti1BA7ALs6J/B5ToZIM8O8tcpe6Okj6FhltEDKWiBlAHj4rHOalkz6W+JDpbE5GzyHog9ReIF1u7I0QFDBmFnFsYp1Kb6ZBDju6o9QttssiYvYUwmoyd0gE9CAVvq4SQom9jIuLr5j6aJoPId0zsyE/NDp8VqXQA1fOztYgukcSNE0uhO37iDe0bu7S8/RZ6XUM6x24gem7VXYACGbAKecgFD7htMsS6BfEbDuupt1hPTqpLLOiuFm1SB9g00zkc0gxm/wA+ik5xmU6RHCkE8Pvn12Oa+g8Bk+1adR0HFDqsIb+oMuO4/kEXeLvYeyqEPbILH8S0nj0Vyp//ACStO4vkYtlabTmcQDGmv1Q+6lt6BjWfNH4DN7fBrTAJMaABZacd78TAIi3V7fNrNc+nFNzsve0Hny0RalQoqOU+RPOAXitqW0KrR+Ylw5amdPBa6NZbsM6KPomJDhrqiSfBzX7Qps5/EM8/RUzfAU0xfeNd+794eDz/ALKEV4SN2vyhqvw5opEaqKh1Neq+WI57M18zNd6FVqbywEmfbRamnH833UaedrDendtmrFj7F/yqij3GZ7JYuP8ATLgHwG+ajW4lkjqnqJEPwrBWe90ahsTxgJb5PoYFgFXlux1zlIAB3jgStblJUcnQR5smXY5QDaYj+ZUW8m48mbSnxIJ0fdb0Hos9TzA6vxVkWyo5RmweZ3De+0nfpPVdWkn0IsssKu8A7nafVNVXBOIwYlQArVag92rTa8dckO9FTTlzgNab2ZCA52q3oBVPOyLd46j1Sl0LLbuIObT7qfT7BZ6PmDGs+SIGYYV6ACGDZ26yvHUIfcxyXQ6oeLJwfcwdxafRDq0sR4Okrr8VFO0dMNawx3pLZ8OCroVNy5KtKXhkGrdxDQI4D0WKsnv4YJrr7j+RQ2y2emKlPSCO71MlbrS5x4WParFVfJfh9w+na1nU2lzgRAG/3U9Smp1OQtrD8SKLO6qOtnVqtNzQ33tSHDxHNL6UN+yLATYHxDbCllY181cvePAHlPMrVTsZZFu4LDtAyo38Q6n3B3SyeA0+6m7N+x0Sa/RMyXGC29yzt7YxHxGcQDxUlVqU/Dg5peUobQt2VKIpkGpqCWmWkRx8VapTkuQrpfeAONPi5ef9Q+y0QWENeeqHerdQ2nPL7Jocto06r5Y/AQsLx7fhqmrTQBia3OqujPzELLtW1h3T+2w/idOKL/l+yG0u4ZrV/fXyZcA+A3qfVVXcmnwNqfqGANtiHVKVMvLTBc2OJ5SttmnKPQHLqYq7CRFInPlmSZJc3Ux9FojhRcZHRQ9CwzidYPtqbwZmJ6ws1OO1tGTSvcI2/ut6D0WKp1B9z3pF0KszHlFW4dMRqOa6+KT6EZlVnckOPjr9N6U48Ci+B1qXYfa0/wCZoe3y3j1Kw01iR0GnR+xJnnRfqia6HPzXiZKm8SOoTS6ErbuoP7UHSl0PoFVRfiDetLMIi+5ytzyBPoyXi9jdYVi0g8FmuFkVN5f+noOz9fNXDhuyn0Qa88MTprn0iCG1vuMP+o/ZZbdeEr0ryyC7C0BvOB6LNNtTA1buS+TNcnMYO4A+isp8TRZb+ZfIJ2ea4tflP5/stF3LEkFNY6x+Dm2FCtWodhSiXe9rEAJ7OUY1d0gJKk9u5HluMbMXFuO+zTmNQj1K6pz9yjDxybLUfuL+rvVTz4jp4r8FmPCKxp06zmk+7lgeJiSnn5kc1+05gdBzLlgcIOp/RPN8BXTO8WbQWT21y5wOV5BaeB3blCM1gV56pDQ5hcKYHBZ41dkm2a9Wj4I/AYwoEOgj6pVKqksgCKDl8ZDB4/dZ+qYZsO2wnio9i75D6IfTX3DPa+qMOAfBHU+qpun4htT7zF/9ptuDbNqDRzHiDx13rdps/E0DjFspd9oaTt5Gh6gLRcw2rJ0UfRs24jTcztmR3O0D29HDcPOVTSlFxMumeZh2291vyj0Q6p5jBcd6RolRM4qftB2eyj8RSER8Ro/qCOWlxultZXOJ5u2tBBCL8NCXHAybPVi9j2yTwjxhZJRwzpNN9PIV6xIcQd4JB8itMFlHPVPMy2gTLeo9UpdCVr3UHtqn6UuhVFLzBvWMbYkaDAbImBOuvHemb8RfsgrTIPZUygcZSn/ZzkHz/o9bJGHs+UoNf9DpLv0iDe1p7rPmPos9oskNJ8sgZhuK1Lpzi2GhogDp/wDincUIxeWB63cl8h3CHl1Ml28Aj6aLG39xYJW7zJfJRsme5U+f7K67bbTQV1jrH4KLut++aboj9Cp7V9LJB0V+kyFzle2HgHwMLHulDDQBecCDtpZspU6raYgZc0eJXQWUnLDZ0kM/oWDdh8DfXpVTmysPddpM8RHRTu66pyRzePCbbm0D6oqsEOovdSeIg5dzXQpxm3DIW0vvBWx7K4oVKNQa0jmB4geCwVZzhLK9yV16s5hDBmA3xuPNQuJPambtWxsgM34QGHRqs0ajxg5t8ZOXwgU+q3UJNxYX095psKYoJov+Q+izU+4UWvqgbgQ9iOp9VRdLMiOo9xip+1DEAKTKXFxzHyW/TaeHuB/uCNjrrs6QfEw9xhbbtbo4R0FH0bGzEr9te3D2/wAwnmCOBQqEJRbRTpvVhOk8BjZGmUahZanUHXHekd/Ft8fof7KozZDNdrXAhwBaQQRzBV9Ko4S3Ds8I2uwn8Lcvpj3feb8rtQF01tV+pDJX7hLYd2pPJzD9NVVdyaR0mnL8aRHb3DBRuiW+7UGcee/9VOzrbonPzXIBpHVvUeq0yfBZaL7qDW1rvhdCqKb5YY1hcRLLR37kfP1Vb8xrS/CZiwyzNao0NVdaooI5qC/7HzCIZWgEEBsT4jehly90eh0l0l+jRu2lrBzWRzPooWccPLIaR5JHm9pjFa0qmNBOo5yUYlRhVjyBa/cl8j9sztCKjHZ25ZBg8DpzQmtbqM+BWfcXybNma+VjxxLpH0VFzHCC2seaJU+fxY6fZTfZLZeiC8FD2c2/KJW3xOWpP8g9Uf0/ojo4y/BZd+za7Z+GewGHMcXEE+EgqrUqU5TTRzcXwbMVpU6sXVJ0EjK8N3O8HDwUaNScPttBjTsfWBtow0K7KzSTTqyypx78e75rRNqcce6K7pv9WG8Gsw81OBaZb4eCwXO5Lg26q/BEYbN8aO3rFHK6nPyeTPjJA7PqiVpLMWGNNXgYUxH4Lvk+yhT5qGW19SwfgvwR1Pqqbpckr9+M85/ak721PwafVF9OXhB7MuzPwDHBzjHTWFdX4Z0FH0LDFpVPZukZRUOYN6b1kkuWZtK6scrYnI35R6IPX83Bhue9I0aKnJkNhfqrZ/whZEn9peC9rSFdgl1PQxxai2nVXHwsYTtmTFOrHKf/AFROulM6TTfTSGTbCkLjDqNyPeYBMcnRPosNt4Kjic/PqeeUHd5vUeqKTRdZ95Bra53w+h+yppdWGdZ6RLqH8Ceh9VD97NP/AAn8G7Y3uzzIMHkVjupYkczD/wBLcSZVpUnCmSXjXTfBOqnSlTqLEjpbpfho+wbFXVWZHzmYZMzx0SqUEvKV6T5JDHU2foV8r5a6fEIa7ipTlgC1eakvk5j9sadEMY0NYCNB13pUKzqT8Q9ovuL5CGyjRkfPMb+gVd5LnAU1jzRI1P43/b9iprsk5+iCrniQOPJYXFvoc3nKE7b+i4secphzYGh1I3hdBp9OSSYfjcQ/SOB5tSqPaJYSJ0MaeSJyjF8sAQ9w5sri9RjjRnuPkuaefMKirTj5sBTSXmqPdrZHI15/ma8DhMx9YQRV8VGidzh3IE2hu6lOhWfTJBFVskcsyIW9ONR+I1ar5Ikdkduj2jm3R0eRDuDeCru9PWMwOeG/Ha4IpOa4OGbQgyFkt6cqSaZ0GlrMGHLt/snfKmpP7gPtPUv5MeCn2I6lQulyT1FYqHlv7Q7vNcQPy6Ivp6xAGvqS2YrinQc48HF36QFZXjmR0ND0LDFhmfRNV7TJMAnkeQWKpHDZm0vqxvtX91o/0hCK3mMN13pGqVXuMeDS5ytaGyRdBEHUHQjmnp1HCQsnnV/g34V9cN9xwLmHy1CPW9X6uDpdN9NIlsZcivZV7V38rso5aafqqrhOnWTOfqdTz+gCKjQeDgD9f+EUn0LrJfeQb2tPw+n9lRS6sM6z0iX0j+4HofVMl4zVj8J/Bp2ZY+q2GESBKw3bUXycxD/0M3N6acvqCCAAfSVVTjuXB0V0/wARFVDEadUaNAcN5HEeKlsnFDaSvtyN2G17c3LW0NzWku1MF08lXcxap5kuoEq9yQX2svezoNne94asdhBubJWfcXyfbMuhjvm+wUrxeMJa08TiUU603ZPKR+inNYolsvRGnELgtr0tfeBHoVRbrMc/wc1njAbuMQpinVGfVoZUcyozMA3KA5tLxOv1XRWk1sLoxeDxIAMdV7RjhTqFzqfhLjl/SFbOW5cEZJRD9PBKXsri2cCA2KrZ1BjfBWR1ZYcWEdL7vA/2LQaDA4SIBQCottQa4l+T/ovUsM7dlzSBjM2BO6Z0W+Nf6bizfq3kj8HmOK2D6FV1Kp7zTrG7wIR6nOMopo50Ztjrl5aWEnICCJ3TPBYrtLHB0Ok9uR6leP8AZO+VA6EvuA614uH8lWBVJoDqVO5fiLNS7p5btrTi5OhJJRqz4gDZF2Dty27y4R7xE9E7eZnQW/oWZ8BxKrUqZXvcWxMcB5KypSWMmbS/NIfsLuiRSzDe14+h0QCvSWTDdcVZBlZ/pmPKNJUmRIlNjgdC/tVSz5GT70tnqt9jPYss6TTn+NI8/wAOdVsLvI4SWnUcHNPFFaiVWG5ACfUy7Q4d2VdtVhzUars7HcN+rT4jVW0qm+OH1RfaNKqi/a5ulI+EfolSwGNZhlRaLaY/cD0+6j+8vnlWR9sNinZVcpjvaarNf0N0cnOwawh5exjrg5wMjmzru3IfmUViIdqeOz49gVevodq9tADut7xG6ddFsoxml4xaQ39J5FzY18XJ13kj9VO+5pgaq8zkM/7RKp7KieAqtlZdMXLRG2nirFhDAKmhg8j+izXsfuBXVotuMj52lz/nJKSbpYLptfoiztqVa4ZTrE0203FxqeMblba0ko4/k5iOZ+X2DGCUMxuW9qwB/cpudE5YkH7IpSioRwXulWlHKFUWFOndOpXgzW+oL266xp0TRmoPDM8KFSUvEAbmyZRrNNF57NzyGtJ1jhPMKUkmdFp9v9Oon/I0bL4k8mrScNGHQ+BiAhV7brcpFF5FK6NGAvPaVI3Tr4681muOIo1at5IiZ+0a0i5DgyA5uYv1Mmf0RiwqJ08ZOd6Mq2XunatdoGQR9fRTuYcHR6T22emXNYOty4HQskfRAKcXGqD7ZfkP5MWH4i2lbZ3HQSr50nOaJ6n3BTtcErXtft39ynOk7yPBEJ14UobV1BjYT2gsYb2bWwCwtb4nmq7apl5D9s91q4oWMIwypSrHMIhp/sPRbZ1cx4KNMhKM5ZH2xyvZTcD7m+PoQgdVtMw3a+7JGr8Wqt7B+0KkqTHKyVBsdAXGTNSlP833C0x8h0Wn5/TSPto9n2XbCYioPcfx6FSt7qVOW19ADLqJ+JtbRw51GqfaZxkad4IPeI8ESpZlV3LoMpNNNGa2ay6oNDp7vLgdyubcGdpThC7pxwW4nbinavaNwH3TweWPqVJUrbahNa4jctbSa5OJXIz7O37qodTqOJMac4jcCstWml0R0ukzjVg6UglZYe2lmykmRrJVbm5PAZpWSoUpYF7Z+rluJ/1fdPdL7Zw1XuSHPbozaHwc0/qh2nv7hTuUNrMOz+KE0w5upAg+S0XVDdM7ShShd0lk04heuntOMj1UPpYjgbUKKo2+0YG4Kbqkaoc1oaJIO92knclQgs5ZzFKrCMdqRG7xC0c6hUpMIyxnbESG/wDIWhTQUt6UnTbZuxGvTru7RjYaRuIGvVCbus/qcAaq5QmKeI4I3tA8bgfotNK5fQ029xJVIvJ2zqmlUL27yII4FaZr6i5OqdpC4xNdQvs8/WoTxQ28/gFa5DCS/g14zhzK7IcOED1WehWlTkjmhLtbB9B76ZGkS08xyR+FVVUjo9I7bGLAbubR7He8wEeR3QeKwVaeKuUYLV/kP5BmHUXV7gUj8Km0VHDnJ0C0VUqUNxLVH9wdi6NBuGiAtucsgmX9ATHnSWjjqUQtIvGQzpdRY2sEVK5cZO8wPoiMY4WQ/Tt4wzJBm0phlMAfm1PmhVaWZHKXb++/7NfZNVO0p2IJOdCsaMxW52ihjI6WQPjFUdpT190yVshDwHTadRl+mlkPUYgQRB1WGceeDn6kdraEj9pmE56Yrs3sOV48DuP1RjTq3G1lO4R8GvjRdr7p0P8AdEqkN3IY0u9dvLD6DHjVZrrZ5aZBHDqqqSw8B/Uaqq2+UJZC2HFpc4LLas5jg5p1BlVtZL6Fw7epuHWwxBtVkt3xq3iFQ4YZ2lO/jVpNinhtbLWn/V91KvHdDBw9V/ck/wCz0XHaXa2b41OXN9NUFtvt1uTPKG4TdnCWVAw/nAKMVWnyGNOv3RkosOYqwim6d4E/QrOmpPAe1O4jUodQhhuasxpDoAidd/NY6stvBxUqTc8RCdTZ99Sm6swsaxsjUkHujUq2EG6e4I1KleMFFF1rUhobyCET5lyY22+JE69MOEKO9x6EeiBWJWmVuYaRvRG3rbuDo9I1FRe2TLMAf73kqr1MWty+p4kHcyHtZ4RzMXyAtocstAIzagorZpwjls6bTKe2m22BMGFS3dUpP1pvGk8D4LZKpGpjHUHWsW7h/wAZDezLIfUJ3kNAHMBZdQk3FIt1anieQ8Xb0MhHagNFiHixrvuBm3AlwAO9oRukoxp8FsKjjLKJ4hauAbXGYji0HmUoVFJYbD1G+3Q25GWzOZtMngELqeYC3TzUyb5CbBXuLmVxz4q1rBSXObmEASTpCUKbbHUtp9QwXMQHUodEkGJV8qc10N0L2pBYibqeHub3QwiOHgsv6ebkZpS3PLA2IWT6r69tkJJpTHKd3ot1vQlB5ZUeY2Gy91WDuzoOcGOLHbtHD8vXVHI+UTXJZabN3tRjxTo1C0OyOGmjhvEHikomh3U9mwy22yt3Ua5zLd5DSQ4xxG8R4QU+DOm2jJh2DVq7zTo0y97QS5o4RprKbaI222zN8KpYyhUFRrcxaNDlOgPSZT7TRTrOPGSupszdslzreoIdlcYEBxO5NKPBTJ5kegbP2NY0XMqU3DL7N0jceX6oFcUJxnlCAuNbO1A9nYUXF1L3wBqBMiVroOUo4Y23nIducJq1bRx7NxmmYMeE/ZUU6c4VeTTKq9uGDdlsKuGUc9Wk5rTBEiPryTXsPdFdOrtlkI0bOoSWNJIJ0YCY18FTCvKUdqCEr1OGAi/C6g7vZmYkCOA3rLKhPPQHSnl5MxoVcufI7Jp3uHJT/TSGZouMPe5paWGC2f8AbzSp0pRkQjJwlkEbO4ZWpVHsex8EZ2Eje0clruablFPBdKq5rkOmg8NzZTl5ob9GUY7jPhp5RT/04OBeKcxvKsp/UkbYXk4xwZ7nDXuOUUi4iDHgdxVtGlJTKFXnFlWz2GPaKrnNJiq4AngOSvuYSm+ESq3LqdQrWtXwTlOmh8CsitqjfQqTAFHDKtSvULqZGU5GnhJErbKE1EQUGFPghzSYIEQBrwELKqU92R1LacFPIcpERpHJU1OJDuWSzRPkjhA/B8Q7WSRvk9I3BbrintItYGPDj7Rg8QVTReGJJe4wMtx27ngQS1wJzTm5acESi11JZa6F5GmWe92Y4+KluiLnqUUqAFepVkAllNmvgZ+qlvWBYMBoUaAqGO6+7puOUxD3FolaqLyLHBlw4OIqhpkjEMxIIHd0mfCFcRNOH1A5zHMcMjbi5zkEAAQ6J+qbI+WIP7M4/wCo3ZGocytAGky4wB1SQh5t2j8QRB/gWgUs3fEPd3Z56pCiZMDLRb9i9rmCrcvblqul7SAHNknjon6je4Qw25aDXY8iH3j2b/zZWkeiz1FnqTNdrbZalV4IBfVa0zxaGx+pKrp4jLqMxbwzNStLmm557l0WiTuadw6KNw8cobIxYkfZ1TwNOmG+XJZ6kouPJFsF4OKXb0sk+6c0/wA0LLS27uBIKsYQ9kuOrKujuHnyW5bcdSZU+2/djSka0SYnWZmYU/AMT7QOZBPeZQnycyD+oCjKMMDYOds0ga6soSOjmx6hTlslHBJcHK9EfhyyRpTDgJ1karLW2qnhCyYcKr5aL/F4afDMN6hZ7EsMWTfSblfUMjfTZM74AWnEVLgWclVuAztGnc6t+pGiUZR6CwQqXDZqMn3qop6awS2R5SFapRQxS2mQ+pJBBuGEeAygfZVyqRHyarl4InSe0APUGAVHdFoQvYt8ap8yD1knMrZnhRIZYK2Zt/ZDUyCZ5aohdz5LZhFzj2r9SHAAt5FqplHMR0HbOuS0GT9VllUkuBzQHGZkqtVZ5EYHkzVfJ3c+QWqnWk3gR5jYXNSqyvS7RxJ77ASfea6ZB5wEbScYpiA7b2qJh7xOp7xEnx8VqXQZmjCax7RrH1XspvdFQgkacSkhDGMMs2E5Lh7XAxLTGhqRM9NUpcIQZsMApOh4uXyWiX5jroePgQFkdxiQ8QM+waLh7Klw8N7LtGuLv/Ju+u9XRqZQ+ArcYZa5Y/FO1e0l2biW+9M750lVNPGRgvg72OokOrEuYSImdw0MrDPKlyLAt0LSn2jXuuHgPl9Rs6Zs0D9I+q2eFrkWBut6DCWtdWOXIHTOgdyQ+aUngi0Sdb0okVYO8axrPNNGkkOjPXygs9sZLiHa+6OqltbHKn3NJrS51Yk5TEGdZgBT+mxYMsUy05q5aYBzTp7s5ekp4w5JYM91bMMDO9xJYwkOAAaWgkzO7VSeE8DDBZ0KeXSqdw4yd8Qs80s8kWZrkwSGuls+ixTynmJDcC7yWMc9pIjvHUmYV1Kc5MW4up1S5jTmOonjvhRlOUZEskLai4TLyZ1nj16p3VkRbJ94N94zvn7qt1JjlnaHmeaZTmLJS+tB/ultbET7fopbBYPtnvheblfd9R5kMY+I35T6hWR8iHQw4f7nkEPqdRzQUyEYKvuVuj1Ol50I8swP4zOp+66SXkiIH1/ed1K0roMzp3KPuIso7x1Kap0Eeh7P/AH+c0Hq+cmhZ2t+L/tb6rdR6EjPif8ADs+U/wBQV66EH1DGCbq3+3+kIZX8wjJX+F5n1Cl7DoKH3Wf5wWP9xBkj8MdT91d7Dg+694+SlT6iM1L4Z6j1Vkh0WXnwq3Sn9kkTfQ6z3T0Ho1U1OpWMGH/m6hU1SDNVHceqyMrYPxv+HqdFptuo6NFj8Jnyj0VdbzkmX0uHRRGIV9xSfQRxu4JoCMlzvCvJIkkTP//Z', '', ' Bennato Edoardo - Nannini Gianna'),
(8, 14, 1, 1997, 'The Cup of life', 5, 154, '', 'data:image/jpeg;base64,/9j/4AAQSkZJRgABAQAAAQABAAD/2wCEAAkGBxMTEhUTEhMVFhUXFxgXGBcYFxcXFRUXFxgYFxcXGBcdHSggGBolHRgYITEhJSkrLi4uHSAzODMtNygtLisBCgoKDg0OGxAQGzclICU1LS0tLS0vNS8vLS0tLS0tLS0tLS0tLS0tLS8tLS0tLS0tLS0vLS0tLS0tLS0tLy0tLf/AABEIAN8A4gMBIgACEQEDEQH/xAAcAAABBQEBAQAAAAAAAAAAAAABAAIDBQYEBwj/xABEEAACAQIEBAMEBggFAgcBAAABAhEAAwQSITEFE0FRBiJhMnGBkQcUI0JisVJykqHB0eHwFSQzQ4JzojRUY4OzwsMW/8QAGQEAAgMBAAAAAAAAAAAAAAAAAAECAwQF/8QAMBEAAgIBAwIFAgQHAQAAAAAAAAECEQMSITFRYQQiQYHwcZETseHxBRQyUqHB0UL/2gAMAwEAAhEDEQA/ANjiLOlcvIHarFxNc5SthzrIEt6VLlpZfWjQBy37rgmEJAiNzOmvT3/L1FRviLgn7Mn2ohW6L5fXVvkI3qxAo0bjtdDhF5ySMh0mDlaDpI6d9IpiO+YKZ6ycp11hTtAka/GOlWE+tMJooNS6HCLrmJQjQk6Mehgbd/y7MKFp2LAFYESZDab6AxE7H5iu6mqpPajcLXQq0xDsF8m4B2Okx/OPhOxqOyXYjMgUazow7DTprvB6abg1ci3rtvSayKdseqPQrxY2oHC+bQCJqxWzrT+XNKhazgGHB6CmW8KO1WYt00rTFqOH6uO1NazEaVZG3TTaFIakjkVNdq5bvFbKyOYkjuwCz6ttU3GLcoQSFHc6Kd9D3H9+ledcVxCl8oIYfpEa/q9oHoAPTpSnPSrJ48ayM1N3xWvmCjVYI0Zg4MbgqCBBmQTp8qe/iXMoa0sgnKxJ1t6nzFfvCNZBgde1Yy1cGgMfHYT19N49007A3eW5UNIYqQwkiP1SdTqNDqCPnjnlyb0dHH4bFtaLzFcdvi9ka8VAJzLkUEKATmBHtaT2IMe+oeCY+/irwUtoRroBlEhhGk7iARqDFdmJ8PjE5yZV1BYMNQ1smZgnzAEz0MMZ1Fclu2cGqKwi5JDFToUDSDm9ROUx0IOxFZ/xXJbPfj9TTHDFOkkW3F+Lci8WthiFdQ3Z+6z1JVT6iPU1c2uKW2VhmjIpDEdIJSQPcMw9CprzniDXQ+YkhSwcCCBJIMGdROhk6NA1OURz3saVdxr5gokHoAs++atwuUfUry4oTX0PXEveVSQJbJoO7R+Uk/A1PWZ4BxhbwtZjDBHMR1zHM234oEbZiO1aW3dB2/l+db8ctUbORnhom0ON89zSoH+9KVSoqs6itRstSGstxPiV/wCuNYt37NlRZW5NxA0ksVKjzr2n51GyUY6jQlaaw61RcM8QMcNfvXQrGw11c1vRLq2hOdJJ3HrH8OvF8Yy8pUttcu3VzLbUqIUAFmZ2gKokCe50FCdqyTg0Wa0Sap7/ABprdk3blllIdbZQsh1dlQMrKSCst6bHSp7HETdNzlIXVJAfMAt1x7SJpqBEZtp0neGR0vn584O+aGTWq3h/HVum0ttSS9s3H1/0QpyZXEe0XzKB+BulV3iDjtzD4q0JHJKZ7umqpzBbLT0ALqTRa5GoO6NLlpLWex3G7gx1qxbjlZglwxJ5hR7mUHpChSf1qsMVxdUxFuxlJz5ZedEL8zlgjuxtsBRaDQ/9lnFKKrcbxV0vLYt2eYxtm57YQBQ2U7juR8653483Je6uHY8s3FuoXRTbNoS2uofTXSgjpZdGkBVJc48y4Z8S9gqoRHVeYrF1cjWQPKdRoal4lxxbF6zadYF2fPOiEFVEiNizKJ9aLBQb4LaKArlwOP5j3kyxyrnLOs5vIrzEaaOK7BTFTFRy0Zo0gMb48vlFUZva9lQYMDcn02HrP4awFwVpfF2Mm7kVFU2xD6CS33pg6wZE9Yk9IzLtrr/KqJ22dLBCocEzXAVUfeEj/jOYGe8s4PplqFwBqaYHM/3tTWM+tV0kXt9jceHfEbGzlfzPaIysd2RtIPeGCT30nvXdx60l6yyxoozWiJkDIjZDprGdQP1R61gsI5Q9iVI9wOmp/vpVth+OwoUqPZC5hGby5l2II9kxoAfxCsssT1aomjG00rIbqXIRWU5M2ZXIYqA8F0nbRoI7Gf0qquIWwrEbmd5BHpt+XStdwfF24+r3GzW7olWyyqXAfKpH6P3dDIJO2hrN8aslXgmfXrpp00nTWNzNPHLzUyU43HYtvCF4ORbJyupzI4jymD/GJ30mvTLQ2nqPz6V494fst9YQCd5BUxt1np6z8Y1I9dwKKFBEk7MSSWkaEGdQZG1a8Mqm4+5zPGY/IpEpFGjSrTZziRro7N+yf5Vl8dwRb+NuPesZ7LYdUViFJW5nYkqJzKwB0aK1jHWozUKZdGajwjJ2MFf/AMOu4ZrR5i27tpIyAXRBFt9GhZBEzBmT1qbE4W6r4e/btF2SzyblolVYq2RpVj5ZVl2nUbGtGKgx1ovauKu7I4GsalSBr099OiSyK+DPcbsX8RhXRsPldrluLYdSeWroTmaQoaA2gJ6a9uzhVh7Fx7So31f27R0+zLHz2YnNlB8ymNiR0qFsDl89pZIuwM1x4BN9FXcnQKX26aV0XeM5SgblKf8AcDXIJPMNk8oEefVXPuCjdtI/Ul6Ul7DeC4Nrd7FObRUXbwZSAvmGQAnQyPNmOvcnrUXEuGG9igWtsbLYW7ZdtNDcdSNJnYEzGmlWONsLduW7dySmW45AJElDbVZgiY5hPvAO4FRYO7dRERlUlTbtsS5kg2183s6tn0ImI1npUqZBSXK5+vsU+C4JdtjB+Vndbz3b7yu722SdTLR5V0najj+EYi6uIuAutw3A9q3FoqeRHIl91JKkxmEZjPWbzhuNusQLqIuZSy5WLew2VwSVHUqQR0Pprz3LIzG+JNwXhbGpAyFxYyGPuSS+2+vQUtJLW74+WcfEeFNiMSjvbuon1ZlJVwjJdZwQPI8tAnupIG9PweDuLgblk2ctzl3UgFYuswYC5ObQvIJzGQZqw4Fh/sBzFUG75nCszKxcAEyQDLCCdNydTUeEt5cPYjWTaLS7A+dhLTqWOZhIOhE00iN+i9Dh4pgLr8N5C22N02baZZUeZck+bNHQ6zU/E+Hm9iEL2i1o2L1t/ZGtxrRURMz5DqNjFc1niBsAtc5CO7XHuA3j5gtwr9nmVS9zUjbZEGkiNORQtwk3H59zPeF8Hesi+L4Zi12VfyzcRUS2rkA6EhASD1q+tfxokaiiBUlsVTnqdhinU2KdQRPJ/E1tbWIvIB94mW1Jzww6677nU9daomrYfSLhcuIt3dIdII9UMa/AqPgfWsnYUk6a1mlGmdXE3KCf+h72MttWnVyYH4FgEn0LEgfqNUaWjXTeeYXooyj0Gp095LH41qOC2wLebJ8QKonlWONtGqGJzdWZexgncwqFiT0BNXNrwu+WXzL6ER+86VruGWATLAH3iD7qu7GCQnUkiPZzvl92WYI9KyS8VKWyLfwlB+bc80wvh27GeSFzaEAmY0mOvbSpMfw3Mwz6Ex0kKYEz3Exp11r1bIIgAAelYLxK4R00JOdtAddpM9T0I266ioSyT1Lcvwyi04pbDeEcE5YIfQkgLsywc5Ug9QN5PUDvWo4TZASQ0hjmmZGwWQfUAHWsvxTiBeyUWPZ0Gxkr5RAjWTvtqR+FdPwXA8ixbtAk5RqSQdTqY9JOlbPBRbk5s5v8RlUFHv8AkdlKoyaVdKjj0dZprUTTWpDGmllppNBTTArUw+IykFbMm8H/ANR45ebOf9v25AEbbmelc9vh97MGZLMsxzHMzFF5r3QUm2JY8x1MxEKe4q8FKKB2cWOtXZS5ZCM6hlyuSqlXyk+YKxBBRDtsCNJmuQ4O8uRU5ZReWWZ2ZWJSAwACkQRDTO4IjWRcKtHLRQKVFPwNzdAu5rbIA622ttmzBnkltIUjKqwCdidNBUhwl3mQOXyc/N1LC5mAkW4ywF5gD55ncZetWqrRC0qBy3OPAJcS0qsE5irEBmyErovmKyAYE6aa79a21gcSBbUixFsIJD3JbK9t2McvT/TAA13J6Qb7LRK09iOplIMDf8ulmTmDnMxyBnLhkJTVhLCCADIM6Qben5aRFMG7djBSBp0UDQIVEUKM0gPK/Gl4PibpH3XyfsKFP/crVEMtu2s6HQ/Hem8etEY28DrN5j8GbMB8iBXPxMktA6aVjmrbOxi2SpehzBwToa3fg6/mtlX6GP7+Yrzl5BqywfHrtuIMgdNhp7qp8Rjc41EvwzSe6+fc9RxTBEZtwrhe+rQF/OrDC65W7rJj8vnWU4WcRfwF1wMz84XCO4DZtB29PSq6141uWtAFPcQdqwPG1Lg1qpR2fyj0hjrWQ8Z4GWtsVPLBOYgTEwAYnU7QOtRcM8UvfAJvJbExqANe0mBMdJnatZgyxWHIb101FPbVTW5XFPH5uTA+FMPzMSCxlbYLKNdfMQoJ3IGr66gkSTqBuy1Z/wANYLlrdyQH+tQ22flq6giOg1PwJq9Ndbwkk4s5f8Qj507Gk0qBpVqOedhprVJcqOKQyOnqtMJqQUBQlo5aIFOAoENijlpwpUACKIqHF4u3aXNddUXaWYKJ7SetYnj30hhZTCrmO3McHL/wXc+9o22NJySJwxSnwjdtpqemvaKpcb4rwdvRr6k7Qkv+9QQPnXknEuM37/8ArXWcbwTCj3KPKPgK4S1VvI/Q0R8L1PUsR9IuGGi27resKoP/AHE/uqtxH0lHXJhgOxa4W+YCj868+JoTUdci3+Xh/b+ZrsR9IGLacvLT1VJI/aLD91V1zxbjDviH+AUfkBVFNI0rfUn+HFei+36F3/8A1WL/APMP+7+VSL4vxsRzz+yk/PLVBTjRqZJRivRfZFocc91s7nM2YEsY123gen7qdiXkk1yYVoMd/wCxU57VBliRzXBJp9jDz86V01JhrgG560N7EVVnr3gS0Rgx+t/WjxvgJuOLituAGBAZSIjUfD+lDwTi1bDBQfX90EVc3cTDBfSff3rBOq3Na1RlscPDeDKtsW2W3kmcqKFUsdyQANf6dq7RZCCFEAbVI13KNK5sReMFhJPwntOpj1o0pd2VuTfZGf4LwthduYloAuFmVdZ87bt206evpVw1FnP75/v0pjGun4XE8cN+Xuc3xuf8afZKkQkN3/d/WlTy1KtFGPcs3XWoTXQ9QNUCVDQKK03enqtMGGaIogUqLEACqbxT4gTCWsxhrjaIk7kbk/hHX4DrXdxbiSYe0124YVenVj0Ve5P9dga8U47xZ8Tda7c3OgA2Veij0/MknrUJSovw4tTt8DeK8Vu33Ny65ZtQOgUdlGyiuKabRqo3VS+f8HZabT12oXKQvcZRoUqYwihQBo0AGlNKgDQGx0odK6s4rit7VJbak9x2unz/AAPffWp8DhmuOqKNWIA+NcziTVzwDgxvk5bihhEKQST7oIqMnS5Hjtvj5/k33hrgaoL1i7bDqpCkso88qD20Ek1psRhlyKEAGSIAEADaPdWDwOC4gCGtXQTIljmAA0+913Oh7fLRW8VihcUXrdvIQRnRjJO0spAyz7ztXOn/AEu9zdKO6plt6Vm/HHGbmFt2TaIzNcMhhIZVU5gfSXU6QdN60ZbbvXlX0gcYF/E5UMpaGQHoWJlyPSYX/jPWrPDpuZmyJVTNdwDxZZxMI32d07ITox/A0an0Ovv3q9uSK8QBrceFfFp8tjEGZMLcOpE6AXO4/F8+46scnozm5fDpbxNtSpGlVplLW5UDVNdrn1n0qskKacKApwpgGkaFZP6Q+OcixykP2l4Ff1bezn4zlHvJ6Um6HGLk6RifG/iD61ehT9lblUHRujXP+Uaekba1mZo0AKpOjFJbUEmlSahNAyS3QaktOigPYZSpGlQHsCKU0KM0D3DQpTSoES29qM020adSGtvUlRta0fhzgVy6pupeFuDHdj8JAj41mA1XvDeOcuy1sBi5JKwJ3ED5HWqs2rT5UWY2tStnoPB+C4hFBN7Oo6bR306Vc3EOmb+W1Z7wj4gPKC3AwY/pKRH9KyvjTxgcQTZsmLQ0Zh/unb9j8/dFYo4tbpc+vQ0ZMj5e/csPFvjGQbOGbQ6NdHUdRbPQfi+Xc4Emn3D/AH8Kic1vxwUFSMcpuQQ1Slq5hUk6VMibfC+Pbioqm2GIUAsd2IEEn1O9KsWGpVK2R0R6H0PcrmcGutxUDCrTAQing0IoDTrQAzF4hURndgqqCzE9ANTXiHiDi7Ym+11tATCr+ig9lf4n1JNa36SuPyfqts6CGu+rbqnuGhPrHY158arlL0NeGOnccKRPahSqFl9gNIUaAotBY+2aM01aJNPYGwsKZOlOmmzQFgmhSFPVaAoVICnUAaNwCg1qa5bI30PaoZr0PgXE7eKtkOoNxR5l01j7w9PyPwJqyZdCurJ44RnsYECtNwPC2V+0dQIE5nPlX5wKix7YS2xYy7awixE+rbKPmfSqLiHEWuGTAUeyiyFX+Z9TrVdvLHy7Itilid8lz4j8S8wcu0Tl6tsWHYDov5/nnVqNRUlW48cca0oqyZXN7id6aaFI1bRDcINGmiu/gvD2xF5LS7sdT+iv3m+A1+VCQm2uS0wvhfEuiuqjKyhh7iJFGvVUw4UBVEKBAHYDYUqs0IyfzDLgrvUbCpaY9BUQtVJ4r42MJhy4jmN5bYIkFo3I6qo1PwHWrxu5MfwrxLxhxo4rEM4J5a+W2PwDrHdjr8QOgpSdFmKGp7lLcuFiSSSSSSTuSdST3M0wUgKQqu+5ssRFAU4UCKL7jsVKKJFCaLC/liUUSKIpTRuPfoJaJWkKcRQG/QhqRKYRTrZ1pUJoNKnlaAWgPcb0poaNv76U8rpURp8hb6iJptI0QKKDYegpNRFA0WKxoFKnU1qBuPYKrOgr1vwZ4f8AqtrM4+2cDP8AgG4tj3bn17gCsl9HPBubf5rCUsw3obhnIPhBb4DvXqoTSrYR9TJ4ideVEVKn5TSqwyFgaBoneuHjfEkw9l7z7KNurMdFUe8wKrsuq2Y/6S/EPLT6rbPmcTcP6KHZfe3X8P61eXk1PxDGNeuvduGWdixPST0HYDYDoABXOBVTd+puglFUmCgKkAppWj3HfcAFI0KfGlF9wb7jTSikRQNAwmkKFOFFBpfQIFOoClRT6DUX0GGl1oig1FdhVXKJJozTLZp5pWuorXUE6GojUp2qFqfI+ejFFOUUlFEijgXAqFE01jRd+oN362ImpcJYZ2VFGZmICgdSTAHzNQgVtPoz4YLmIN1hpZWR2zvKr74Gc++Kaj2FPyxbo9C8P8IXC2FsrBI1dh99zGZvd0HoBVoBpSAp1X8HNbbdsZSp0UqVCJ2NeSfSRx/nXuQh+ztEg9muahj6hfZH/LvW/wDGfFDhsJcuKYcwiHqGcxI9QMzfCvDHNVNm3DH/ANCoxQBp81E0CWkxoGj0oBjSKS07LTWNC+bA/mwLjTTTRK6TQpUDQqeKYKIpbdgpdCSaBOlNpA09hUughSNEGgaExrt+YF0NTVBUqnSnuPcFzamEUZmnUqQn7AmhNONMNNCvo/sImhQp1A2wCvZvAXC+RhEkee79o3pmAyD4LGncmvMfC3CvrOKt2iJQnM//AE11YfH2fjXuMVOCXJlzyS8qHCi1KkasMo2lTaVIZ5x9K/FS1y3h19lBzG9XaQvyWf26wBFaHx+f89en9Jf/AI0rO1SdCKSigRUkUFFSRr0oJ7DStA08UGalYWgA1GfdTi3SmigLXxiY02nGgKLC0EUQKFGae4WEU00ZpUWwsNsDrMdY3pXO38BTaVIK7CogUCKeBRsFdhoFONdWJ4fdtpbe5bZUuTkLCM2WJIG8eYa7GdK5LlwmJMwIHYD0+Zp2F9BE0wiiVoxRXUdP1/IaKs+A8KbE3ksqcuafNBOUAFiY+HeuBUr0v6MOE5UfEsNWlE9FB85+LAD/AInvTW7K5z0ptMufCnhRMHmbNzLjSM+XLlTQ5QJO5AJPoO1aUCgq04VcYG3Ldippp4prUgoZQpTSoA8V8bXJxt8/jI/ZAX+FUeWr/wAXYK59euJEs7yoX73MMqBPXUD31W4vhN+2ue5bKqADJKxBygHfY501/EvcVSdGPBxKakU1Gu/Su1uG3cguctsjQAY3klRpvBIIB2JEUqGc2WmqJBiNBO8bVZXeEYhQzNaYBdzpAhA/Q7ZTMjSuG1ZOVmAkLGYjYToJ95oAgC96canS0zI1waqCAW00Jkj8j8qfc4fdW2LrIRbMeYx1nLImQDlMEjWDE09h2cjUIo5vUU7lnLng5c2XNBy5onLO2aNY3ii0FjaTNPb5RUuCwjXWy21zN2BA6hdye5A9SQBqafZwFxigVZLyE1HmIAJAJ6wRp6ilYamc9CkhB1ka7a7134ThN64ua3bLLJEgruql2ETOign3A07C2V9KK6MZhWtNkuDK0BolT5WEg6E6Ea+6DUYsnIbn3A2UmRoxBYAiZ2B1iND2pci5Gqu/pVt4Wu2FxVs4kTbnWfZU/dZh1UGJHbuBB5VwdwsLIXzEgwCpJlc4OcEjLlOaZiNTtVhwLCWbeKRMcsW2UH2xlGbW25ZDqh7gxqDsDTXIpRVGg+lrFzesWp9lGc/+4wX/APL99YI1f+N8al3G3AhGW3ltCNgLYAIHpmzRVWvDbpKZVnmTkgqc0aHY+WOsxHWm5bkYbQo5yk7UlFd6cGvEwEkjL9+2QxdSyBGzRdLAEgISTBgaU18A62xdy+Q5TOZSYbNlJUHMqtlMEgAxpS5JUmT+HuFHE37dkMFDEyd4VQWaO5gGPWK9z4Lw22iC2qwiKoUSdB5tyNyY3rzzwb4SxFrEW79zKqKC2jBi2ZCoAA/Wr07h+heey/8A3oaqLKJOM5pLgOKt20UmNlZtXYABRJJM6Co7ABYB7TJIMEuSDHQ6yDrsRVVxvjQBU2rF6/lBJyK4tEHY5wPNBA2BHxAIorPEuI3nXJZdQDAlWAUAiZZzDHbVgTp75lHDNq+PqD0Jm2xOHUKSAZkdT3HrXG1dl60VQy7PtqwQdR+ioFcbUY+CvKknsRk0KBpVMro8z+kp8uMtMmjCyjTpuLlyD8IFVlnHhCwt4hV/y2HRSFu6XEGES7B5U6rhjqdwVjcxofHPDXvYiyyofNZUAZlEw9w7k9j1qhucBZd7ZH/JT/Gq69TdBKqYuL8Qw5svbtZILMVAW7IJvu+YAqEX7MhZ3+7EANQ4bxK0lxb3NAJtYa0UKOWtmy+HzvIUqUK4fMIJJLgQIJrhv8NI1yn5io/8PbaP3io0SpFvc4krKFbEKRGMkZbgBN5CLX+31chp6RO4iuxuJ4dic95cnNVkAtPK21vrcS2ZQrKJmWIygGBnk1nv8PYdP3imPhGjb947kfnNFMdR6FvxjF4d0cpdBd1sSuW6SWtgqxzugzkzOZon36B2H4jYVRmdC3LtBWFu5zLVxbBXNdOXLcS25lSMzQFjQVQphz2p64RiYjX4UC0o0A4naKBTfGsi6St0i7OG5ZY/ZyQbgnXUkBiJqLxamW1aVGblqQArHR4tW1DWoAU24U+YfeuMfvRVQMA07em4/nUtrg9wzC+/Vf50U7HSR347iiMt9Vvg51vBRkuD7J7thrVj2IGVEvCPZHMgEiYh4FxBFW0Ll5kFu/zQsOytrYgkBTsqXdN5ZemaLXhHge/eaMoGx1IgiesGY92tWWK+jA21LXMTbQD8Lt+Qpu1yRuPz9ikw/F7KoMzq9wogusy3mNwKt1ShgKLhgoPP5TvMqK4PDvFEsZ8+rZ7LpoSPIzJc22JtXLnyAqyw3hWy5AGMTWYPLu6xHTL6irJ/ANlVzHHCIk/YPt8Gmh/ULXz9ipPErZzBbmVZdVQKwmLifV7xgaFLaoP0hkgA5qmPFFLXWNwAl25TBbmZVy4oI500ytiFAG4C6DRZ6k8H4fcY5ddf9G7XZhvAlt/YxgMf+k41+NLbqN7rgzV/FJ9YZjczK9nltcytKscOLRbLAJ8wkx0J66VPhOIWlCo14gIRrlcq2a1cRwgCyFlkHmAkAneBWoT6L822KE/9Mx+dceO+ivEIJV1uD0hfmGIp6RXGjO8evEW7dq5cNximFYLrFrJZZLhzHSWYiY1lTmggVDhsbaUYaX9jmi4MjEBboIIO2ZSCQ2UzBMaxWw8L/R8pz/WbfbL5o7yfI4ocb+jgBv8ALuQInI+vwDj+I+Jqt5VF0yxQbVxKHC8csK1vRMtg2GQZLpVjaN12Nvz5g2ZwBzZBAzETpXK+LW7YSwHGZlw9tVKBeXcTyu9y7962S1wgEnKH2XLry4rgd1GKskEGD5lP8aZa4TcOyz8V/nVnJXpPdbOGCqqDZQFHuUAfwp4tqQ6s+SQmubIdCxIB39DHeq3whiXfCW+b7ayjGZLZdAxPcrE+s1dBO1WtWYP6WVj4YSf8xcjNP/iFAggTGsgb+ogxE6jkgEE4hzE6G+sHQDWCN99Ig1Zm3++icMai4/KBybK2yUUMBdLk5BDOz+z2nTXuN6RNd5wppjYJjss/EfzpRioqibm5u2cBWlXX/h9z9EfP+tKjUgo//9k=', '', 'Ricky Martin'),
(9, 15, 7, 2015, 'Faded', 4, 121, '', 'http://orig04.deviantart.net/0e92/f/2016/285/1/9/alan_walker___faded_by_musicurban-daks0c0.jpg', '', 'Alan Walker');
INSERT INTO `track` (`track_id`, `artist_id`, `category`, `publishment`, `track_name`, `rating`, `view`, `track_link`, `track_avt`, `lyrics`, `name_art`) VALUES
(10, 16, 1, 2010, 'Waka Waka (This time for Afric', 4, 123, '', 'data:image/jpeg;base64,/9j/4AAQSkZJRgABAQAAAQABAAD/2wCEAAkGBxMTEhUTExMWFhUXGR8ZGRgYGBgaGhofHSAaHxofHhoaHSggHholHyAdJTEhJSktLi4uGB8zODMtNygtLisBCgoKDg0OGxAQGi0lICYtLy81LS0tLS0tLS8tLS0tLS0tLS0tLS0tLS0tLS0tLS0tLS0tLS0tLS0tLS0tLS0tLf/AABEIAOYA2wMBIgACEQEDEQH/xAAbAAADAAMBAQAAAAAAAAAAAAAEBQYCAwcAAf/EAEUQAAEDAgQDBQcCBAQEBAcAAAECAxEABAUSITFBUWEGEyJxgTKRobHB0fAUUiNCYuEHcoLxFUOSojNTs8IWJCU1Y8Py/8QAGgEAAwEBAQEAAAAAAAAAAAAAAQIDBAAFBv/EADIRAAICAQMCBAQFBQADAAAAAAABAhEDEiExBEEiUWFxEzKh8EKBkbHBBSMz0eEUFST/2gAMAwEAAhEDEQA/AM7pJX4dhx69PKibWzSkZlaD8+FbLRorOm1ObfCwPEvSOcfL71glJvk2JqKpCR1lxejaRB4kmPlqfKjbHs2hIzOqLijqZkD3fcinSHEJ9mJ57n4VisTqo+m1DVWyBbMWMqYASJ5JH1r69eQOAHGdvQca0XV2lI0pNc3nECVcAdh6ClCo2G3OIcir5fAa0ru8Ubb1Mnnl3/PWvn6Ur1UomeAMCfT6Vm3hTyh/AaSOGdRCUg8YJ1J8hpTRimx9kLD2lAMhC09ZE+4pPzFNMM7Z5VAL8SOJGik9cvH0g+dBX/ZS4AlTpJ4lEx/2kfKo++YdaMmCBxG/r4QQfOtMMcJbIm2judjiaXAAohSViULGx5a1le2wTvqk6Ty4CuX9isfBJaPsnUTrBO8dD8x/VXR7W575pSFGD7J6Hgfl6ip5INOmJ7Gt/D23kKadGvXlwP361yftP2eNq7k4TKFcD9jtXUzfGUrV7TZhXVKgAr3Hxf6BXu1WFIubZSFAEp1SePHjy3FNhnoZzOb4bd5QOiQD6gD71cW1zmCsuv8ADSfUgR8Jrld68ppRQrcKAJ6SINVuGYqnOlsn2kg+moHyPvo5sbq0OmmD4/iq27lQTsYHuifmPea22HakhWVSRvoZk+vGPtS3Gnkl2TEEkEzuQdtNaJtGkkQ2wT/mkb66SefSmcI6VaOKy2u23dQAlf7kxB6EjT3165sk6qOnEmTHmOA/v50ht8LUFBTaUtrOkKWiFdNVfCKtMMtXckLSI5Tw4is72ewXsS90FIVsSdwQRr+daPw3HgNFrIjeQdPMj603fwVK0lIAifDxy89joP6dvp5nsuP+YsH/AEz7jvFGkxdS7hdni7StnAfL80piHm1j+Un0pbb9m7dBzRr0gfKj2mGk7CfjRVoR12Ab624pgdIBHxpO8lUgFM68BVaMv7QB7q+BB4QB5f3pkLZOHDSoSfD8/jWk4aOSj+eVUiilPKegFYF/8kU/xKBRP96hoQnU9B8TyFahehWqlaeeg5V9RgBj+K4I3gVudVbsgSkKI1SAMxnn59axvc0qjBt5a/YTlTzOk+QjWti5SPEaBusfnZJT5kT8KVPXq1kbknYcf7Cu0sKQZfXCdTy+Hv40JZtpI7xcBPM+z6cT6b/GtSbdStN9ecCfPj6fCm1hhxzBx3xRsDsPIcKdKhnsH2aU5e8WgmfYRz6kbAdPfyrHE7pSBneWhAiACTAHRPH3RQWMdpUMeFH8R3YACQnpx18p22qGxB1Tqs9w4omfYE+4x8pmrY8bfOyJMaYljzSzoXFRsY7sek0refDshcr6qjOPMg6/Hn0rSGyfYaIT/lGv51rZbYW84CQ0o+YCfjJrSoxQrEdossXCVJnRQ6SJ19dNfLmK652ZuMyVGd/lCvpFc1v+zN4YV3ccgpSZPDTX8k1Ydke9SgIWClWkg7/yz8q7qKlFNMSHNFO8sQrqAT5gUZh12FoA5pT65gCPjNTuN3+WeAE7cZBA+YpY3j6WQATr3aD6gyKxqDa2KEr29syzcKR5FPkdh6HT1r1hZOu3OVAgJAClEwAlIA1PAab9ac9sQi5Wy8D4UqyK8hlP551UdnnWGmQrSTBJiZOkR5fXrWp5dONbbi6XdmOHdm0IGZwgmSZ1A8Rkjn8vKnbFiwIGT0kgH0G/urUhZdJKNEjdZ28hz60Jc34RKUnoVKklXQdOgrG5S7jpWPUIbA0CB6D6fmlay8niZ9IHupFauuKMbchx9Y2FMUWBVqtY8gPuam5Nh0pdwxGIgaCfQfXavpxDynzmhHsMURCVAf5hm98KodOBucX/AEDenumnVgqIxGJJ/IrE4idgRHP8NakYchA8SieqjHwrE3TKNiKDvzBS7G0Xaz7IKuuwrIuH/mL/ANIpc7iqlaJETxrEsqIlXxrg0F3F6APDp8aCN+rr6T9DTJu0lO/09/H40tdtkgn+JHTlTIUKulGOXImkbltmVmJUfU6/CjXr6dx/3V8bdWfZR6wAPeajZZKgcYaB4ikeup91aiOCEyo6eHf1P8ootTRmXnEgftB3+58hRjFqQIbQUg8VCJ9PaNOrA3QKw2loDNBUdBrt7zNacSxAgFCQSY1idJ6j6a+dGt4PkJcdXr/LGkf3Pl86X3N+03sZPDl9yfdTpbgW4oRhLqtdGk/zLVv5Ab/nrQQQ0lQS2C4rYECfcIiZ6H0r6/dLfWEgFWumkQOY/PQ1ZYXgHdJnULI8R3I6Anpufw1cmuQvYWW+HKMBR8W5QANB1I0B6a01dbS0nUCeHIR8z12FE4XapBUobfm5/PhSjEVB5RlWVueGqleg2HIfhlq1C9zRa40mTmU3HKMx66gk1sxK7QtOdESkcDEeRAIHlUy/hK3Hw2gkIPMDYRO4/OlUmE9kP4ilKWcqeWk+tVajGtw6L3ZE4niTqiUZClPx4g6ep99G2nZtb6cygtKo0mI328+NX+D9kGs2ZYzQZ8z151Sm1SlJygaaVRZnVxVCyUU65OGnDXggtkyEkyOPAE9duFfcPulOOBlS8qZAgcgSTE/mhrrzWDIJUcoqD7Z9lu6l1sxA9deVGGZS+bY5xXY3Yp2nS2hLVunwphKdTB08SieIA1niT0FFYIgujOZCf3ERPl9h61LYLgiQAt1YS3G5IPuH/tOpgcBTl7tQ2SUp0SmEydh0E7nr58qnlhtUd/UMWUT14EeBsSTxn4k8ugrQxiRB8SwT/SBFTt9j6QmUACeZ8SvTgPP3a1L3eJPrM5ilPACBPu1pMfTSfIXJI6grHwnbKPMigL7tTzeMHgkR8TArn9u5mMKEdRqfd96dMYWFiCFQdjA3+1O8Kj8zOVPgbJxYL9k+p8R/PKiGH+cT/UoD+/ypbY2baFBLiMs7TsfWPhVPaYQ0oApUmPQ/KpTilwNZrafChrk9CIothUyJBB5qB199bk4Inkn0/tW5rCI2/t7qQm2gZhxaSQY6aia0OoUSTB9w+9O02pA4e4VrNmniTP8AmNFMUXN3NqDOb1AT85Jr6vFrTbxq9T9KnWbON1RP5zo1DTaAZgee/wDau0pFWhvb46wnVpgzzyiffM1ouu0DqlFLaQD57ecAa+tKe+K9G9BxVtA6daYuWgZajZZHqJ5n9x+9PwJSEeK3jjig2VE8VR12rSxhqnPUwOgH9qafoxmBA8Szv5CPdvVUxhwQieMf712vbYa6A8FwxLQ0jT2lRy4D5eh40ZidwQ2SNJMJHHX8ny+P1J8SWhtGZX0+/rS/ErguKUR7Leg6q/I+FSbsFWzDGrgNWqUzlLpieQ4nygE0jTiI7sqRo2BCeZ685O/rRH+KAAbt0EkJJjTjApGykrbRAhsGPONvj8qs4pRspijqKPsbaytbpGsQOk8PhVza24CY571Jdk1QVjoD86qlOwmaSLXLOzxqVBhISK1AeAnrQ9+7ok8KzYdlo9Jq2tcGetrNrCND50rxezD0oPsjej7R6ZHrQ2IvhCdKnNpxHheo5X2twNDcBqc2vGQOfqalWcPWkglJIB5mJPkK6Rdsd6vLxP4TQeLW/dJCUjwjhp60+DqJLZmnLhWzI834SrKpCUjqlU+/jRSbfvPEnxp4lKvEP9JSTX2xebcd7tYSRrlI0n7Vuv8ACLhqXLdajBnKkDMPL93lFaG1dcMzs0M2bJ0Lkf0rMH0AnWnGEMFo6KzIPAL/APaQNeu/WlGF44XDkuTCp9vL8Fp3HnR9/hahpz2yqOUjmnh6a+lJNu9MgpJ7orGmkqEBM88wUQfjWg4PrKWyDwIJHpGbUec1AIDqFQlagf2qmD5GfzrR1tjhByrUUHiD9zofX4VL4Ml8rCXSHrlAgIT6mI901sOLvogqbkcwUj5rHyqas3G3NyAo8RpP5z1pirCAoeLUcAsBQ9Fc6naWzQHEomsbJTJTpx1kjzFbE4s3HD0j71NMdmUJOdAU0r9yCY9RMEedMf8AhoOpkniZj4TSyrsLpQldvAgTMq4n7dPj9A2UreO8T7kjmetZWtmXVDlz/PwU2tWAVBhrb+ZQ95E/M9RVdlwM2McKs20JLh1S3z/mV9qwZzXDhnRI1PXgPIbeg93zGn0gJaT7KdIH8xpjhzXdMKdWN05j5RoPn76jJ2Djc14ayC9G+Qkeu/xp9cnw/nGpbAbv+O8JkxmPmTr9qpzrtTVSoWXIsZMF5e8aAe760ClEBKDqokFXISQT759xFMrFJzupI4/nxFfL+ziSN9DPrP550lDJif8AxMw/vWWlfsWD6EQfnWtuzH6ZIA2SmPhVBi6A5bweIj8+fpU5bFZQE5ggARrvRyNukX6d7DDs2wQv0+1UykSk/m1RX61y38WbOBWWGf4gMSUOSnXlRhHYOWEpO0ViF94hSOI2+la8HfnMk8NfoaVM4qjvAptUjeOh4U4t7bK6pY9lQn14/ejC73IyjSpmGGIVnUTsmU+tAY2tSlEDYfhonE8batwSo8zUn/8AGnfHKyiesUdKqhoRlepIaYfZkKKiNhA8zQnaUDujzOg+tZIaWoSq4CTyFBYw4csFQX1FTqnsaLt7nOsPQlN0kHaqa4ZdZPeNkqbO6Fbjy6fm9T1ygoWpcbDT886tMLukuNJI1AgKB5H2Vemn4K15b0qRlXNCy+Sm4QHBB0gKIkjmFRuPiBrwissAxCAWnASkGFIO6TzSdj05/GmX/CVMy6hMtKPjTr4TwMcp40vxvDCAm4ZJkbxBBHIjl0NIpKXhf5DcDa9wcHxaqT+9O45Hr1BpXe4NA8aUutH+ZI1TyPTyPvG9UPZfF0rTlPhI9pJnTynWPP5U3uLID2djuKnrlF0xW+xzK9wBy3SHWVEoVsUkj7xXzDe2L7RyqM/5h9qs7BwJfNo6kBLoJQqNArmPhUZ2qwQsqVIjKdD/AEmRlJ/pIPoU1qg4z2nuTba4LbDe1LLo8R7o7zoUnnr/ALU57w/0HqHAAfQpmuKW7hy5gTKTPpx+Zp1aXtwlACSvKJiAY3PWln0y7MFlG9ikjI3onbNtPQT86Mtld2iRoTuen3Na7PCcgC3IUrgBsOWnE1ncNEmP5jsOPw2/Nazya4Q6B2FF11Keo9BxJ9OFVPaS5CGgP5RqfJO3/dFLcKsA2oKV7fLl5felnabEM6I/dt5DWflQjvKkF7gvY15S7pZkwpCpPuy+uldKtdieQmpHszhv6drMR4jv9R6fSqnDXOP9Bp5STlsTkDsLi4V+SDqPiaZ3jWZPv/PdUyy4S6FTsCPin/f31Tpe8P560ifKOkuGKnJKSkbxp571zbt0FNoU6AoQYVHT2TrwI0J5oPOupLb8Xy9NaXdoMGS+koUJStJEdY+ommxT0u2h0+yZw20xG4AQoolDkhJXmMxodJFNbG2cezOqtSltCykvNZoHHVpRMjacpmnLPYu6QkMh6WgqQhxCVpHLLIJHpzNWWBYM82kIUrMgbJypSkDfRKQAD1q7zqT2RVY5RV6gPs3hJK0EwUqEhQMgjp6V0J9vwwKX4dZJbypSIElUee+/Wmbw0qaXJHLkcmjnnaq0SnO4sEpGiREyeQHEmom8vLthSJt+6Q6klJUAsjLzEhIJ005EV2S4sg4IIBIJIkTBqUxvsy66T/EUEn+TKlSdokJWCAfKjCSSKqTltZyt+9u0t/qMst5inMkRqNz4dk8J2mRTPs2+/d7JOUbqqhb/AMP33QlD9w4tpMQ3OVGnDKmB8Ks8MwRq0byoSEpHCqTzx00lv5ginF8/kczxdoIeS2r+dJT68Pj9KYdjV5XCyriI1/Ofxmge0roXc6DY6fE01tGsxDiNHG9SOf8AvSzf9un5HNb2X9qwUAzqDoQfj9/U0vewgIKkJEIXqjkkx7P+U/WOFO8Jum7u3zNnxbEHdKhwPT6GvWgzJyqHv89j1H0rO4uJNS5IN+yLahl0UjbeQOQOyk7+W/OqnA7vvE92v2gBr8j1HWt2LWaVKynQlMp6xuPQ6+tTuHuqQ5ropJ1+P1+ZoSfmP8yM+0bvdOI7xMpBEKG6SZ1HPbUda3dsmUPWheSdSEmRxIUkK+UUX2zaDlt3gBMRmjcDiR1FacASH7N1mZyqUARyI0nqI943qsHSsk+Dlli2UBRkGT8oJ9eFVtlhSlISrn0NL3MKUleQe0mCfMn6b10OwwxKW0CDoANzTZ8vDQyQocxZIPgI6qPDypfdY6hrRAlR46kk/nCpttbrnspKR5a+n9qbYT2Yec8RlA4qVofQHX83pdEY/Mxgmyv1SpxR8QG07elD2THe3CQRCUJSPMydPf8AKjcQsW2U5Ua6eJR4/QDWtnZxpSJURmWo+EDn/b5UlrdoPYosRWA2oDYCPUj6DX1o61cKUunbI1p0MH5R8aT3yx4WpkHVShxP8x+fupjdGbdwHdQ1HPUae7Q0qaTEa2oW4Gg5J10SCJ3gmU+sfOqWyOZBHEUqtGilsk7qP9vkKNsncqxyOhpdW5z3CblUDN6/et6CCJoa+9k9DP8AahrO53QNSNR1oqVMFWhv3QNZKQKFtX9uu1EPOQKsmmgNM0NOeOKYRSaxdHemd9dPWm5UI3o43sHJGmgHP4zHOtziM2nv+1LmnklzRQOvOj0uyJG3zpUwzjTMl5UjkBUx2hxIBCuZ0EUXjeJAeEb8ftUtiaoEn2j8OnnUpS1SpGjDirxSI1SD34nUk5iBv6czVFasFLwcTqlUSOhGvpsR5nnUhjeJhtZykZ5HmBpx4V0rsY83ctBUQoDxA76/Q6keZrTlhKMU+3Akpq2hUXXrK8LjPsrAJR/Kofnuq4wvE0P/AMRrc+2g7pVzjkdj7+dD4lZJhsmJScs9JiprGcOcYPfMSkjUgcR99qi5XSFSUit7S2qnWMzejjZzo5yNx7pFSN7cZ0ouEDRRyrT+1Q0UD0mR600wLtI44kZgDOh8+WlZnCgFOEEpS6cxSYICv3A9eIpJSXD5OinHkKwm4S42U7giCDQ2Aslm4U3EJUNtd/7yfwGNeH4etpcggpO+vn9/nTlTRBCwJjf4aihF9hZckk5Yk3skZYMq03gmPfp7xzq2QjTetdywlSg6OI/3+O/lWxLgjXfypZ7sW9hL3dnaAaJzczqfvSHGu18ghpJUZjQ/aldpgb76gVZ4P7uP1HnpVLaYI2wBoFK5bx5mmemPO7KaaJ+4SsthS5BVp15cqb2TmVGf0A5D7nnWnEsqlAEZtYgGB6dK1reK1BCdOZ4AcY8+fQminaCF2twZLiuGifr5AafGnTayQBxMfCpRq47x9LTYlKQJVwGxJA6iq5oeKOO3l+aUuRaeRXubbhMZEDgJ9+n1NE3LZBj1HnWCkS6PL66fWi8WTABG4Nc1sLe6Nftp8xUpcXamnJ4jT/pMgfMelUaXQkTw3+9Ju1FnILqek0qdspj5ocW10CkKG2/odaaMHNrXP7C/IZSOAJE+R0+BqxtLkBpM7kTTKdSoM8dIke22BXLjvfWzy21DYJUQCeMjagWrTGnmw25cJQOKgkZo86uU4k2DBIJ5CiXb1tQ3FUStFNclS0kh2Q7MLYXq6tc7lROvMwarsTughMDePdQbOKNJkZgFHaT7qV4k8rUq1JpXqSOcXOVyMWGsxKzwOnnSbHSEgqPp1NP2DlbSOYk+utRHbjFI8IPs/M/auxQbkkh5Tq2SllZd/dmdivXyH9ga7DbWiWcq0iPAEkDiNZ+/nXO+x9sASeJG/of710u6chKfQfOq9ZkbkkuxlhGvzGV2nvGjxnj5jf3igmVBaNeIgj5+tF4eZZWDwg/nvpSh8tvKSdidPn/aoXaTOS3aETjX6V6R7BOvTkfTby8qs2srjfMHfz+9LMUtw4kjp/t+daVYBiSmVhlzbZB/cNfCf6hw8qKdjS3Q4uGVgykmRooHiOfn+dK1/wDFiyR3ifCf5xJA8+VN1kEAgyN55UovbVMmOI1HA+ldSRNO+R3a3iVDQgg68K2G2bPP31B9260qW3SUfsUNvI6H50ejGHY1j3kfCKL/AFOcPIp3UpQIGnX841L4zeFRyIOn8xG8ch160Rj+NAfw0GVE6nmfzlwjpSRl+EFaoCZ0gRI+eu+vPnU9D5HijB9YSCeOyRyG3vJ+VFsWSiMu2bVUcOk/mkCh8Ktu9eBVskzHCf5R6D6U+xBWRGmp+ZOgnpMn060/ogyZpwixQhUCCQNton8/OL5i34xxmlmAWkJVuSVEFR3UdiT7jHSKpe5yig4tkpSoEZTK56ii8RRKK02o38/rRl17NPFeFiN7kzcLIRI4HX1Mfavlq8FoKTsR+D85V9ZcBT0kpPpI+lCNpKVGOOvnz+/vrPwaVuhS9hhQFJJ8GfMk8xx9aPfQh5JSVKEaeFRHyom6KVpKSQAvYngrh6HY+nKp22zh0oMpOYgg8Nadp8ovjerkPb7FtOgZX30HmHNfWRWZ7BvT/wDcHsvKG598Uff26wkrRMiIjzrZ+huyAS4QI10Fa4ZnW4j87F6eyNqyPGpxxR4rcWfgDHurB7ugEtNJgT1O/U0XheGOqWXHCTGgBpPdI7p0AnZXwFJPI5DquLCsZxAIBM6VyLHb9Tzp5SYFU3aHEy6ohPs/Ophm2H6hCV7Ej4mK29JjUN3yZeo+VJFf2EupQUqElJMdUn2h6bx510TEdGQoagEK9PyaisOwUshDydClRCgOUqP551dWKApKmDylP1HofmKw9TplLUgx2SsKwpwd2sE7pNKMVQSEOcDE+aT/AP17qLsm406H6itTDgW2tHFJzAec/Mg1CD2oL2lZm3cSEk+R9dvzrQOLWAXI4EZh0PLoftWduSZHAiR86YoOgJ/NK5bML2E+E4+ppSWXz7WiHD7KuiuSuv4X9zbSJG3LiPI0tu8MbdQpBAg6+R6Utwx1+1OXVxqYAJ8SOnly4aiqbNCNXwM32AR4xPMxQacOUfYcTl4eFJ+MU7YdbeTKYPAjYg8QetaFYQP6h6ClSYNRDW/8VZjMZETx6nXmfkOFF4i37CZ0T19T8fpTCzZS0IESd4AFLbhyTP5r/anctTpDooezLQ8H9Rk/GPkKY4hbaJ/0k+SIP3pPhdyUONTonICT1H4TVJiKhHn8/wA+dBbInLk9hSh7lGKfHWpO0uYI5KJHrwqktnpArsc+wk0Y26N/OtlyfBr+fhr6nc9da03KvAelNwhe5PND2h/V/v8AGaGC5URyOnzFFF2TrpqfnvS93RZUfyDWaRqiBYg+EFQVGQ68dAZB9xBrEpC/5v4qAIVM50/yyefXqOdfO0ivC4k8lkHiNEq+YmknZfEAf4ajqJy9U8QB01IH+YDQitcceqFnKTTL7CsVQ4kSddCRyPEH1rfieOJTCQdVGPz4VzfH2XGll1CinXxAaa8/Xn5caSO4o6pQUVkqGx5UVhk14WNUW7Z2S9xRDaNSBArlGPYr3riyk6EnX7Useu3XT41qV5n6U8wDBe8MnaqKCx+KQ0Y1wBYXhRVqRpSvE8PKroJG8E6f0ia6Y7ahCYAqScbSLtPMpUB6ihjzvU36BnFONFTgF+l1pKSNVICo5nSR7499F3F8GktuDUBUT02+gqY7NHIS0vQpJSFec/UmjsQSrKtJnQ5o84+qfjUZVqonoLdlKVEkHfxD13+OtIXV9zdZToknTyXJHuINaOzuLEpQrmmD9fvWfbI52sydFiCCNxlIP50mlglq0sm00wrKUry/6k+/X4/MUe1qk6ba0rwi7FyylwaLQYUOII3H5zpuwqCk8FClcWnuddoHK4Mjb8+NEPWwWCeY4cfKtF0kpJIGo9yhP4Jo22VlMcDqPWuqhWKGkQveFceGbr58Ovxo1S18Ij1rZesAEa7ag9K1hZGmWetczrIi4vgJUo/nH5UHmU7toJSZ5AH6j5elKml5hxUSeOvMbDrVGB3IEaqygGY313HKZ84rQ4qHHI12O7hsd1m/ZJHkdvcfpRmG3neN5Vbpj+3u2pThSzJJJyucOAO35/as2z3TscCBB90fnnWd+RwWFEg/HzH3+lUWFPkoB/JqcSuSVDY/I7fnnTvBdGzyk/nvmkR0+ByHdRWguZg4ORI+ArVcLiKBwR/MlZ4Ek0dQijtYveVBy8TmNCqfCiRxj5nStjyvHm4EGljIK3UgbE7jgAZNIkaUtjX24WENBZ0kZI5qVl+OUK91TFuxAC0zoZ6pI2IPOqPtcQ8ytI1yHOCNdRBPpEj0qbwG6M90QCrhyUNNPP8AOGvoYf8AHt2EXO5R4q/3iGVn2HAWnBwCh7J6aa+kVEvW6krKTuDFX+H2gcadaOxhQ6FP3E+6tNx2bK1Z9NQJ86EMqjsUSXBMYVYFahAroeFWndoAr7hOChsbUyUjgN6hlm5nOSWwsxAEiB/tUFiiIu0EGIMz6fXlV5jLuRMD2vl9zXPsXZIWHCdffrznz+VN063YG20UiEpWUrJAKhBBHHbfgaaKwhak5TqOciRP06Upt7EOseH/ADDyO/qPpTPB31JaIWYKBMnYgbjr08zUZLyZ0pUhWxhD9vmSQSnMCk+dNbgSmFnXWBOuvQa0VhjblyrwlSWp8RCo/wCkH/ffURqbeOItyElCMpMJMZSrSYmdTv7qz5epUZJydfV/8I4nkz/ItvXuQOE371q7cvIZccaaKUOIQCSVKjKf+7f7iuhlwKRKZE6gEEQRopJB2O/4KS4hhyHkrXaqWh45StCXVNleT2ddsw4GNdBOlD9iu0f6lp5laSh+2VBSoeLLPhJn+YGUnyB41afVQktS9E/S+H7N7X5v0OlFwdSVMfXl7mZkA94kgJSeJUcoHvPwNKC4oFKHHHA4SkJEqBIJAJypUWwBOmhnKZ1BoC07QIuL25ZDngQ22mUgEB0LWZTrEgFIPMt9KIusXc71Dix7AygSAlWpzEmMw4EAA68TW7p2mq7tfn6GXLutXYf4dcKcSptwDO2rLI2OgIMdQRIolKY0pVgdyFJK9ZKyZiJOnuEaAcgKapeBEx8Ky5Vpm0y2N6opo5P2UwxVwtag4pplohJKIC1qGsBRBypHMayaco7LqylSH3kK4Fay6lRHApXMp4SIPKt3+HmXuHGFaLQsqUOJS4cyFeRGk80mh77D8QtlPOsLFw2tZX3bmZS253yAKAUAP5RGwAHPHnz5ZZ5RUqri+/36lYqOm2rBLe8cunO5WpTQbQS6lsworCsmUK3CP5pGpzCjLAKS+tnvFOJS2hxKlmVBOZYUkq4iUyCddTQfZ1CP1JUlzvM7HeLXGXMpTqp8O6YMDLuMtHvYZcd+XGFNAFpLRDiVnYqVIykfuiqTzaM1SdKvqFRuFrmzXgeGquLfv1XDyFqzZA2vKhEEhIyxCttc3M7VU9kL8u2rC1ABS0SqNBOoMdJmgMBsixbtoUoKKAdUiASSo6TrGtYdh7pKbFlaiAhDZKlHTKEkySeQFTw5Xkc97V7e24JRpL2HHbDFyw2lLYCn3iUNJO0wZUY/lSPEfKONTtzZOWdqq5RcvrcQttKgpctuBSkIWO7iE+0YI1ECsbe4L7xvHPDoQ0lX8jQ1TPJS9FK/0p4GmXbwZMMUkmSVtf8ArNk0JZ38aMI8Xv6naKhbEdjYOv2ouv1LyXlI7xMKAaRpKUd3sUgaSdTrqKWWNyq5bDpccabKQEpbUUFRgF1RIE5QrMkDjkJ5U/wJ9Iw9iToGE5tdpSPjrU1d3YabhuAsqDbKeAgEAnokanyHOhjyZJSlFc3t6FlBJJvijHBO8euF2anl92gqUpxJAWseAJSVDaCsyRE++luKWS2LpFshaoXBSo6qQBOYAnnGhO1O+ylsEXaEidLZRmZzHvEEmeZMk+dbu0dtmxiyH7kH/wDbWl5pwzuN7afrXIlLTb8x3hfZ9KgFG4upjcPET8KYEO2S2y46p+1WpKCpzL3jKlEBBzADO2VEAyJEgyRQWOYFcOpbTbvdyUqJJzLTIggexvBIMHQxTrt3Aw95vdbiUsoHFS1qCUR1nX0rJgzTlKNyu3x5BzJJukUZZgVK4zfOrdTa2yyhwjvHnQAS03skJnTvFkaTsATwFO+1GKi2YK4zLJCG0DdxatEpHmfcJNLsGsP0rRU8oKedUVvL/e4ROVM/ypAypHAJrX1OX4cdue3+yUfE6Je6tP0tw0nvXHEPJczB1ZXCkgKCgo6idQRt5UtxF3vCCBCQNDx308hTPtLmeurQAaEugf8ASJNG3+FgBSQNklQ+Yo9LN/DjKW7/AOsvVNr74J/srjAQ+pB9lRkctfv9qoO0acjcJ2cWkSPPX861z9Ssqsw4K+Bq6sXhc25bWdRx4g8D76154U1IzZ4PJilFc0aMC7fdy8/a3bSLdtkkpWFR4d0AoJzKJTGqOewpQ5ilzjN6z+nQpFnbupWVq0kpOpJ/dEgJG0676Le2XZ9y5xC2Q4sIS6gNh6JEoCiJE+0RAiabYn2/usPH6Y4e233fhSpKld0qNikAbHeJnnXj9R0jWT4mCGrJJd34Y9m1fL9O3l59Ce1S2SHHbrEbW0VnRcJbeGvdJlRIPQezP9UA1E3uN3eIP99ZMKZX3fdPPgxnQopHjMQIjcSqBvpUvi3aJd5douLoJIBSFJQkAZEmSIJ1MT7RPnFdLtO0lo7c5rVRKVohbeUpg7bba7aczVcPSz6bFGEo6pU93uk/Lts/Xy9jWsr6taZyS08eb9LPvZPs4iyQUrIW6pUrI2EbAcSBvrvNUmN2qQlJGoP2NJkXal3Kx+0mOqfvr8KZXD61JS2QBCtx+da9P+n6nmjOfv8ASzxuotYcsfWv2GGCsZG08iSfKmvddKWdlLoPIcUDKe9UlP8AlSlKU+8CfWnyW9NKn1Cbyyb8zVgaWOKXZHL2sOuLwd8w6i3UyVNtqyErXlJCs6swAQVAwkpVtO9UnZK4u3G1/rEZFpVAMBOYQCTCSQYMjMIBEGBSRGIqs1pLSS+i48Zt0BReSo+2pASkgtk6nMRqTB1iiVdqXXFlhm0dbeif/mcraQNiqAoqcA5JHnFeb1Ucs5uFJ+T2tL9y0HFbiTCwRit6hHsgAwNIJyqV71kk+Zptc3N1+p/TsrbQlLKVkqbUskqUpPBQ/bStmbW6AZSu8cKVJf7tJKgonPnJHhTJkZSRpFFYU/nvFruErt1qSlttt1JSVhJUokKjKTKvZSToKr8NPNUqfhX0245CpeGl5j3Arlb9q04vKFrmcug0KhIBPSprAnP1Ftb2qZLLaUquCBOckkts9Z0UocoHGs7PGzaJdZ7hx1LKihLqdGRmUVJ71Z9gjMAqJiOtaMGxM4cy6wtpbyUOavtDK1nUBmQ44oDLlVpInhx0qccc8fxNC5ardev8NHOSem/zLJODJuJS6FQTKoUU6AyBI58RypL/AIkYjnt3Up9lKkCeUOIk+/5VP31v3luSLS5cuXPGXgw8EgnVKUAx/DAgAxJGvGlOL31zcrFubV9Disqi3kMhIIJUE7qEjc6eVdi6bTOL1p07e6249RnkTTtdthpbXhNmwhI0DSZk6GB9PrX26aQ/bhbRhRKVtq00VzJ/bwI6xSK1u3ciW0suLWJZbAG5AjVPt5gAZEcDTTBGFseFLS3EJ0KNEuNuAeIKQsjQ+1oTv1FaJYZRbceU79ykckXSfFDXsi6F3aDEK/TrC0ndKg4gKB6z8Iphi6f/AK3h3+RXyepLbXS7a6FytpS3HswVbt+JaUQ2ErkeEmUa6gHNptWb2Pd/ct3zbLql2+VLbSUKXI8feBxSAUoXCtEySMusTQeKcs7nW2n6tE5Pw13s6TfXiG32W1bvKKUn+oDNHqAfWOdD402G760uHZUyZZAJ8LTqtW3I2lXibk7SmIk1E49jovFt5237XupcZLjSytx7QNpQlAIISTJEyeUSaP7Rdp1XlqLV+zftEulAefdbUWmgCFEggEkyIBVlAmSdKTpullBxnXPP37CZJ3aKKxX+suf1Z/8AAazItRwWdlveuqU9AT/NROMWCHn2c0/wZVGYxKhBlI0JjSTwnrUc92udZYFqGcjjKENKuG4ct205QA4CiT7MKCSBEidK+3Vhb2BtnmR3lwleYtJK1uvIUkpVAAO0hUmASCJ1oz6fJklKTddkvT/o0ZKKKbEWAL2xEf8An/8ApiisQa0WoDWMo9Y+wpIe0YVeMO3LD1owyheVbyDCluQmFKRKUJAB1UdSrpVRcgZAeEZtPLT0OlWxY3DHFP73BquTOMXrMLcTroT7tvhVF2UenXoEqHONB67+hFJsbvGm7hY8RAVCyEkpTMTKtuO3vo23H6Z3UHIpMjzH5Hxr0JtSx0Ok3Kl3K2+etnG3GnHG1JBjUiJ30P7gROmog7UvC0BGRbyVtFIyhw5nAZKcsx40mDBVqCkgkzotRZNqQtYW8FGVryqCQkKJbWkBLRBzTqojMRl3NE29swl5ORx0JKkLham8qEgd9AUE6wXFaEkmN6zJxqrGl0mdNvT9V/swucFw8W77v6dpRbaUqU6a5ZToDGu4qG/w+w8yu44IUhA5EqMn3AfGqjEmWmcMuizn8QbbIXqdcgSrQDVSTJHOaa4Zh4srJhCgZB712BJzEHTqZKQBxioTm4Ok23NpfpydjxuOTxKtKbAXLgIuEq0CSpIOsyElJUfKdPfTLtBiwaQvKQVqBbR0B9pfnBgdTSi8bSEKuVkJWs+BoRonkY2cnVXDURO9T9w+pZzKMnavoP6f0uqn2W3v98fqeF1uVY1pvdu/v+Py8i//AMPVEMHf21QfRNWaXzwqF7IP5bVJ/wDyKB/7f71TIu9N4ryuuX/0T9zf0q/sx9hB/h6PFd6gvSjLm37vIO72/kzZtuM0r7Z4pdKFsy4yGboODK+CC2Sr+Ge6O5nOCUqggA7wDWeCYP8AqXX5uVtXLEJZLZAyoUlKsxES4kqkEEx4eFMe3XeC1tmM6XbzvG1oJAEqb1U4Uj2U8P8AVFfN5dK/qVx8TbXNprw8p8OPn9s2K3i+/P8AcPuXv0fc2VolAWUlaluSUpSCAVqAIK3FKO0jjrpXy0uP1nfWV2lClpSFhbchKkkkBSZJKHEqHM8Na1utIxFLdxbu9zcNAoUlSZKZjO24iQoaiQoEcxM1haWjeGJW++531w7CEpSmCqJyttokkyTqSepiKx1h+Dpp/wDkX66tV83xVFN7v8P0oWYahYwa/Disywq5C1bZlAmT6nWvsH/gd3O+a4nz71dFdm7RTlrd2D6g3crLilRqIeGYLSNMyQSQeqSKzxbDixhxsisOP3K1JQEiMynXCpRCSSciASSZ2TV5y/vPE/meWMq9K59hEvDq7aWhp2axN9f6lt8tqWwpKQpCSkKltK5IKjrrwqc7G4o/c37b75RK7NWVKElISO8aPEkkmfhT/BlAXOJcAFtn0DKRPlodehqd7BtBNzaHXxYeffmZmKaXT4oLqmorZKvS1boKk3o3+7GOF9nLhGIl9SEBrvXlhQXKiHBCRljT38a13Fy21c4g64YShxsniT/BagAfuJ0HnX3C8TfN+kKfWppb9w2EHJkhseEAhMzM8eFCfpA7il2pxQ7llbbmXmsNIAUo7AIAJ8z0q/SfFXU3mr/EuL41LbfuFJNJR8/4PmGWi0Evu/8AjOkKUka5APZQOidvMk187Ghw2lwWgkrDzxSFbFU6SRwppht8zdOHI24lRbSoFacudslQSUkmSkmdYqf7P3hbw6+KDlUhb6kkRoRt9K9OpO9XmjU5xqOnsn/H1DWDiH6uwF220lrvVFJa1lXdOe0SqQY2AHPkKt2i+bhaVJb/AE2QZTPjKv5gRtlj8NT95gqmX8NdXcvulTuWHCgJTmZcOgQhOpIAkz0402cukXD11YFWVSW06pMKyuJgxxzJOv8AqTVpx49v5McJ3e/f+DnuDBAtr9Dcd2HXwmNsoTCR5QAB0FPuzSjbWbLwQHbq67tKSTGYrH8NJV/K2hA2H7TxNTWDPRbXYOQFJcSoI0TKGwmQOAME+tVPZ0JetW7F5RZuWQhTZGioSAWnW59oRAI55ga5reV8WUk/BCudO36ji8RiCEELZt7pKx/yyWspPBSXSQpHUGf6aXYi8uww5m2Kgq5UkNIEmAd1HXXu208TwCRxovG7e6S2V3WIZEIGnctpZE/uWVFcn+kQPOpuwu1O2hxC7WFuLSGmwkagJUEwlP8A5jixJA6cBTWktiUYSlJa3t+yFuO2CW7V1CdciCST7RJRKlK6lRJ9acKs+9SGzAUmMp5Hh9vXpQd06hyxulpSUFLa0rSoQoLAgz1mKddscPWG0vMkgwMwHlFHprctLdb9zR1k4pJxV1Hsa0XS223A21mdWn2RkBKwQDqvTQydf21iGMQUhQDeZKkoVJTbpJIySMusOA94DrGWI1NSzi7sKk95mnfjJ+pityH79SYSt7KddFEA+416n/r6/HE8SXXN/gkUjYXDjd8EIQHULElsFRbKjplj+H7MA67zvprxPti2lJbaQHTsFqGg4cdVEennUtcYRdEFxbThA3UZPvNb8ItGClXfpezAjL3eXbjM8fv0q+PoOnj4pz1eiqjNPq88vDCLXrvZQ472SaS9cI751S2bdb5J7qDkCSkQhRUkGT7QB00mZohf+HzP6gsd87CUhS1w2oDOUJbGVCioSpR9oDRBPWg3ltqcUvNd948Ch1Rj+IgwCkaTGUDrAHGtQxGFOFbt2lTipJBhagiA1JTyTmG+5HCa0rI0kozX0IvFbtwZjgzam23GViFocUCOqdFfI+6mTN9oJTPWtavG24/C574mXIKylQSAowI9r4H35JskqGaIngPjXh9TUssn6ns9OqxRXoTrNuh1Se8EqzHKoEpUnyUkggeRptg+DJac7w6qVAJKlLUdf3LMx0r1epMuwUVN72ft3/4jjY7wSAtJUhcDhnQQqOk1vwbspbsrLiUAuRotRUtQH+dZKq9Xqyo5huKYBbvpBebCsk5VSUrTzyrSQoehpQzgDVtLrKYcUIzqKlrCeWdZKo/tXq9QYYirHLRDzhLjSFrSMuY5hIHBWQjOmeCtK+otkXAyOtN5W9UlAUhSd/ZUkggQIgV9r1ULJIGRYJdtcikpDTSyG0JGXKQYzAjUK1Oo11POsuznZq0dJzspIT1Vr4j7WvjE6+Ka9XqMnTYUlpexaYl2etrjL3zQVk0SQVIIHEZkEHL02oO47GWXeJX+nSMseEFQQcg8OZAOVRED2gdhXq9XW6I1uPb7Dmn2y08gLQY0PMaggjUEcCNaWq7FWBbCP06YSSoKClhcmM0uBWcyAJk6wK9XqouBGJe1HZWzBaV+nQIARAEJIT7IUkaKjqDTIYaxdISl9pLg0KZGqeqSNUnyNer1SbeouktBiexdmkhQaKlDUF1xx3LH7Q4pQB6igsP7P2yHluBlPeJOYK1iVTKss5Qs6+KJ13r7XqMmwQSo0tYBaru87jIUqQZJME/ylSZyqIjQkHhTrGrQFK2zqFCK9Xqm26G/EQDiSlK0Ez3RAniUkiP9STBHlWqxcIzon2SQPMa+7h6CvV6tXMWM+Sowi77xsKI0IhQ+dR+PWf6e4CUmQdvjp7wfhXq9QwfM0TlyeacMZTtEjpv9q3A94mDuDINer1F7FCgwdjvbd1on20Kg8iBIPvpBh18tbaVCBI26jQ+k16vUI8P3JN7n/9k=', '', 'Shakira'),
(11, 15, 7, 2016, 'Alone', 4, 142, '', 'data:image/jpeg;base64,/9j/4AAQSkZJRgABAQAAAQABAAD/2wCEAAkGBxMTEhISExMVFhUXGR4XGBgYGRgYGxcYGhgYFxcYHRgbHSggGh0lGxgeIjEhJSkrLi4uGCAzODMtNygtLisBCgoKDg0OGxAQGi0lHyUvLS0tLS0tLS0tLS0tLTItLS0tLS0tLS0tLS0tLS0tLS0tLS0tLS0tLS0tLS0tLS0tLf/AABEIAOEA4QMBIgACEQEDEQH/xAAbAAABBQEBAAAAAAAAAAAAAAADAAECBAUGB//EAEgQAAECBAMDCQQIAwcDBQEAAAECEQADITEEEkEiUWEFEzJxgZGhscEGQtHwBxQjM0NScuFigpIkU2ODorLxc8LSFjREk+MV/8QAGAEBAQEBAQAAAAAAAAAAAAAAAAECAwT/xAAnEQEBAAAFBAEEAwEAAAAAAAAAAQIRITHwQVFhkbESMoGhAyLBcf/aAAwDAQACEQMRAD8A4CYo7duinjZmv2RNSnKt2ZG56U74U1FF/pT4l4MMO4WRUZ0B2/MPj5xpy05+EZqg7MW5x69VaQyDRDfnU1uETnygAafit4GkVpLbL0Dmt4E2EkJ+7/SvuYw4t/l+poIJhZY+zemzM8i3nAE2qB0D53gdeeR6svXYRupWJYlRddukm+lB4Uitor9INrVEEnXVR6p4aDt0gZa88NHCmiWA/wDcpI3sxf0iU8PlVRlT5pbuoT3wLktDqSnKPvX3WSS16Wh1DaQlgAJsy3A+jRpz6qspTc2WFlD5eJCUSP8AKJ84JJRmEoZRRKz12r3+cDZkhxeSWfrNvnfEaz57NXbt92nzEEUkjPb8P03QOZrb7tPnBlENMcC6D2bLs/zWC8+F6YTza6BvrCeuiD4fvGfLLrAp98er5r4Rb5/7NRYB56S7GmyYrYVjMQ4cc6d4eu94tYw6S86CIUWklh+Ju4fNYrgulPCUoVbw7TFkBLSm1z3c2Zie7SKqqJSwFZavWvXEanP2dKnSXr9kPOkCmqJzdSX7GHmYnLUACyRWW29q3HGBzPeponS1ojch5h2VH+MGjav4UtBZM1mpXne3UesV5nvb8w9dYLKlGhIpzmWu9rNBLIJg1KeUwrmUB3NEUEtL/wCmpqA74lgEuqWGo6tG09PWEksmVQPkW7cXZ98Vm788oqGz/k/93z3xaQCROFBsSv8Aekd1YqKUydKymsd543vWDom0nClUS/BSfG0Es5+YbHIrOqOmgDtD/CI4dBcCj89p2xPHspc1gAM6PIDqH/MQlFlgkA/bdcOpPt52X8/6u6FA8iNw7v2hRpyyjImLG0N4RvGo01pF6R0ZgDh5ssa3ofQxnL9+uieO6NBEwZZtSTzktQG8gbhdw9OEZjtimnPCGKsoV++PkYoSgKDidW/4jQxRoqv45owBFDfwijKFR+oxKuHZYlpBTLBforN6XgIt/IfMxbkAlEoVICJhoO0+MV9A393uFnMFnPdQILK/SPSEu6jX3eOkECaLr7ie20Sm3ULVRdt0Fz56WuTlELRdueqQS5pQfvBVEAy71mTC76Of2gEqZlYhdBOBemr1bqHjDJmEiWVHZzrLkDVjYCK52Z8/6lIV90zvlW/cPWACWGDf3RJ66/CJylkc3XRdKcPh4QMGgvSWRvrX43g1lz2dak7TP0Ejtp6xJSqLd7o1+Xgczt6CfN+6JqV95f3d3Boi5c9Ly0/ZzTunIHgdYq4ZW2n/AKr6+XzeLIJ5uZU1nINhuLwPBpHOJqfvTuFNerSKxNrzobMGlD/qPpr1wFwUp4S1b98TmKogHQr3cNYAFkAVPQULaVpEay57O9Kudga8X+RDTR0q6J16omEFrn7sHxanCIzB0m3J9INQMih3uIPJUd5+9duLHWBqJZTWzJ9YsYdAJu32vcyVHqhExVDApOaWRfMdYjLZpdfcVr1iLHJh25eYsylaDcKecVyjZl/pVBOvPIbOKf3de8wQqDTRvSkDvB9IYzCzf4baWcxK6Zpc9FGgrtCC8/aWPUCuYR+ZHlu6xEZbZmr971aHSJ4pDKmVLZ01bheIyRUbX4o0HGsXqz052aWRHyTCiDn8w7h/4wo045VlYlDc4+gl+nz2weQNia+kyVX5rZ4fFkHnHSzhGvVxq5gktAKZj/3kt+IsR4iMu3T1/gGIBqHBHPHr1J84ryU1T+pUaGJSBmYU56ndFZKKIIvmUIlamx8JMUAmzZFiu4t8BCXJpRj9l6+cTkikskXSvweHFjT8I62qYJ1NNRkKxTop03H9vGGxIOZdA2ZJrvYQScWzsG2U69UBn++9aivYIUwznoVKTwfnX1ux0gpSyZb5S0xdtd/fWKqVEG1M4Pn8YuZC0rZ/EXxJixMWnPCulNJdrL3wMigt0Dv3mJy3JQwqyv8AkwOWS3+WdesxGufJ1Jv+gebRJcuizT3RBZ0sAEH+7R518YionbLMxRTqgZ89DzW5qYP8ZJ/0q+IivJLKSdecNrxZnLBRMJFeeSOsMXHhFMqD/wCYe6LWcO3OybuEfzV7oChju6J8jEhZPWYdFrDoHUC+tfKI2Sej/J6wVunZ9gD/AE66f8wMJYEN7u/i8TWnphrhGvVBOfAc8MFWfMPLf83gshBoafeGldytL2gcxHSp7466vSCIQe3nrv1wS7GwcvMqWKOVKvTSIJOzLr7qvMwXAghcullKvwFYg2zL/QrXiYpd+eQiKf5Xi8MhwF091L3/ADJhtKfkr3wRIDLFiQgCvEO/nEaSxiyFzBTpJ33AENhZrKSot94Hvx3RLlDpzb1UnxDwOSdoFvxBu40i9WZP687LPN8R/T+0KL/1n+Af1J+MKNZOX1ViYuZ0qFyEs5fQd0XpSTtsHHOSxwelPGKeLKXpuGjaDT1jUwqxkU/R56WW6mJPcPCMx0xaSc7KeKXVQa049VHF+yKkmYHS79Iu3wi/jEApWoEffGnWCX3GjRnpbZq1T2RK1h2Hw00Dm3/KrxERSCxv92fPrgctfR6j4gxYCtmjfdF+NYFmSC0UXd8iT4iIzndV7gbt0GxzArAUFAoTb9T+njEZqxmUXbaT2UD/ADwhUl56DWLhm2+qjUgubZQKsFqu7VaATVupRemf5MEl1yV989kFDk3FdDE5YDf5au9iPLqgUkPl7fKCJZhUdA99RBas45nNCNhLX3lvnhFdZBC7u47RQDtguLU/vXlo8rcKxFCM2YBtOwa+UKmHZJUyi/8AqIPcFfGIy0uoH/EPxi/yhyQuVLExwpClIruLGhGl78OyKuESxTr9ooN/KwMIXQIMyb3V6RAG2uydOv1iYPR/m+MQSzD9Cu+rQUVawRrSWBWv/EPotx+X0iKLGt0erQWeoHPWjI38Hgz450BWmiuCk+sHw6QQmh++03ZTp2RVm+9+oeRh8MuoBIbO9d4Bbzgtmg2ELKl8CrThuhisFMsCjIV5ufWIYY7SatU+Qh00TLLiqVU3XglmvPIJRT+T1hiqi72T4EQ5NP5PUxEpd62A7agecRuC4kVmX6Q/49IgAx16Y9YJiLzK6pt1eMR4v7/oYrM2Pzx3+EKHZPCHgmnZUxCtru46Rfkg5Vl/xJYI1Zm9YqYzDnMSzUT5RdkSjlXsj7yXWzVFG/eEXFtAsQpyq/3pv1HxtFeWnMQKXN6eMHnSTnUf4z6/PZAhJLpoNeL1MFmyMm6eo26uPCCIUQk8ZZfvI7vhApEsuKaHyMWEYfZ3/Zk2tVQhDEbEL6Y/hSO5hvga/f37LP2Rdn8nLKFTAnZCRxI1Jbdx4GKWITU0/LYNpCmGc9GVUv8Ax+cFlPsBxVZgYQczMWzbm8IsypZSJaiHGdVxTQQhVfDFlDqV5QkE0/QR2VeJ4dNU7OioYJoNn3DprtQKnilFRc6IS9t8QXilJMyWlishNXZ6BgO+2vhFjFJdiEj7tPYX+RFGVKE5bJoogBQy5ikgllAGrFLVFQxhTC6XkJa1yTInApSoZWWClle7lBqSCAaWjJwlCx2WmG7UZJBEWcDhjhZifrGRQfZVnIWGuMrHMK2LXgU1Z51RFCZyj1EvR+2JFxzRXqQgBve9LxFJoGfoKd2tw8Yb8pbfD4cWJAbKaEXvFTJawr5JlR9yP937RBbssOKhHc4bXdGpyclK0TEqH4bCpLV0D0qIysRKIK0kCydOIq+j/CKzlrzwvTeT0zUzCCAsGjWV1va2kY0qZlV1KfjqPWNrByVgKUpIy5rvUUdiGOkZOPltNcWUQoau9/F4y3JoUhZBSRd1N10eIyzQDckxdkclTCkKGUtUgO9eGsUA7JpoeO+BkIgBi5/DpbjDKltn4BPmPU+EDUKbtjderQZCemWBIytwcgUisnxLvM4qSH4tBUSNkl/xmpoyVH57IbGPnmAfmR5UhsQghJP+Kzcdo+rdkVnpBOc4nuRDxRbr7oUMz6IsY8MVDgnyDRFcwjO29L66Ur1w2JnEpmbRsil38NzRGZmZV3zJp2DQRGptzwmXdrHPEUEhQ4EwaThyVl3G3YuOxxaBzpK5c0BzqQWGr03XiNdGnyfyYlaLlK2Nfdtuv2vFeVRwbiWoXo4Kv2pB8HiCmSlQBzMdp6C9waaN2xUnLJGZLh5JUaXqRTh8YsZxVq4fHZUEE6DW8Q5V5MSEBaFF6Zk30uPhGeiUVKCXJ2UnwdhTgY1MQts1bHKKMDvA0PVEWXNiJUCTfpdem+Omwa5a5KEEOxLMWKSSbHTyMcuSc6gouc7G1uykdSuQlMtJQVqNSQoBgzXZj1Vgrml7KwlzRw9uowpMwHKP4CKlg9fCGxE8TCFJDEO4v29XxiliFHKGfond/EW8IFb4koKgFKXQBJrRxo/bGjiVSsjhAV+q9I53k5S8TiJcpDFa2AchIKnJqdHaLK5qkhctQOZKiki+0FMR3wqzZuYLEyFJyqloIoaDUa73gCuSpZWDLW1c+VdXSbsoX7R1mOek4pSJigoFJBIKTQpILKBHAvBE8okmUHLpUQb22gewhu6JFuxpjpISoEEFQIfq0gZUaDcg661jU5ZllSkL/hJPW7AdbNGTg1EqSSNnKSQGqKvWKzVjCTyl6/hudNYPy0sKTn1GUFjcOPXziyrFyEyV82kFeVWWrnLRsz2ANWijNkzVBaUgrGRJNBqlKjVu1uqKz1WZ/LITJmoTmzrIQdwGUAl3qWG7WMrk3BzJhUUJfKqzga6ftwiuZRckmrx0XOpEqVRmJSWpckP611aI3FrkCSpaSUnLlcKzEpNxv4hnO+MXHLClug6KcWY1BtvjoMFylKDzZgSFBJobrUchtrb1jkkEkhT1KVEtxJJEESUePuetoik0U7mg1tXxjQ5PluQSMzJ7L+MS5QkbPOpBDgBQADO6SCdzny4wIqYtbLW98wNzoIdc10tVucep3CnrWIYoHMt3dw9Bup1REaV9+1O+KzJpEueHyTCgmVW4/wBI+EKCaIz1HaobI3QSZMLLa2dJ7WEZ6/eLaJ+e2LqjllrLByoB7tQC+msF58NPCKCyo2yqP83YbQPFz0qMsUd1ceu3ZGXLlrSpwFNmNa6hr7qRM9NFNVWMC3QWRiTlQgq2cpNuEGlkrSpiPuSwbR1N4i/VGfhDZg2woO4rrFqSk5FFv/jk96i3bfuixMQ+NWZa84XVKEFx+3zWB8pcqFZYOAFA9tC/hDcsp21bIGwixsGp1xSKDVRGoO7SJdzBrhXZ8wGYmtc21Rg5JY14N4QVeNXzUtOehUpJvYKoH3WjPlVXa6/MMO6LF0y2SzrUzG78NIFWuQ8AJoKlFglJHaSDV7sxivjpHNzBLBCiZeZJb3gokJI3liL6xrSZYlYeh6QrYB2LDhrGBj151JcH7kEEXBBWx7YjZpGKMnEypifc5uYn+VQI8m7I9NxGAly8diccoPh0JRiZY/vJs0PKQN5Mxz3b48smiZNnIGUKUUpAAABKlKIHaSY9ixslEjD4RcyamZJwKCFJH4mLQES5KeISVK6iA/BVw7MOZySnF43BYsIaXPUTiEkUlzpAJny1A2coNDfajh+WsclWI56WlKULmqKUhICQl9kZRTotHqXJTz8PiZ8qamUnGS8uU/hY0hUlbcFU66HWvj82UpISF7BlzCFAiqT0VDsIaEXFs2cTN+xQTcqLm1SH/wC1ozZKX/pPk0WZBfDbwCCNd49Yp4QkvwQdwsIM1dQmiq/hNX9Wm7941xyiqWlQZyyFAVoQAO4i8YTllUA+y79p34mLXKoyhYJNpbF9CL2tTwiszdHldIC1kBgohXUTdt1fSDv9kE2dRrWmtv5YHjJeeWhTe95gN/thYwGzAunN2pDHyiNDmRmDBiBVwHehR/3RfwUhP1XLMQnZSSkkB2qTxBB9IzOQpthwUGqRUD5eLcnE7Cwa083DwJAOTVBM4oVbLvKXBcguOsGI8qYpKlTEyyMqUy06qzqKxmUNNd0Z+PJGRX5pbdxIbyiWEzIBmAUGQ1FOkOFYqWH5RouYkM2Yb9wa8DVYCnTe3XFjlgfaLOhIN+DeYgAQyUn/ABN+4QSTKRHKN3h+8KC9p/qhRcjNz0jlIKzBbJYJYg0Mb+ZKgCnaBIoKvRtL2ji5iaKrVktbwjRQsoS6SxzJFN1/NXjEXnw6rMb1Ykjg+7xgARtoNakn57ox8PyoUKUAXBV0VEkO/hBzyyMyHljX3i3lArVTIOywHRUfA6Q4H2dj/wC306zeMXB8vupBKR0VUzNvvT5aNLD41C0BOYJPMmm8hRDPZ2JixnFvzy0+UMOAoks4ly+OgHZFKbdXVTri3yhPqXILoR10jPnzNCd3xiYt1/j+00uUSs0rn3GNGRIy5QwLKJFNd0UpM1lGv4nyY0JeJQQlzXMqleGsDM86en6ulP8ACTYGod/jGNiSAtBILCUKFi9S4bdWNHBTEnYNiC2rH5JEYeJUM1QXCWrw8rRGh0KQ8whJGylgfGsa4x6jIEigl5+dSnespCX7hTrMc2ZgZZ6OyGfrgcvlQgHaD3FD5tCkdQcROTIMtBZPOJnsAXExCSkKB6v9qd0D5c5V+tLM9UpCDMYqyuylJABUxsdnT94wZPtJNtkHWX7LPEJ2OUsoYJSkrsl2csDQj1hFxbNTktTIIYkEE9xBiMiagbJIBymhI1G4xhSMbMANwwUGAZjuPzppGdKXUvuPlAd/KSMizltL+LRZ5RCebUFAqUlKEgMCB0SD6RyWB5SWhK9osZLMag1jRVyytpyaK2ZZoCLISSXBt/4iNdHLP+3PDemK+xLgBiKC1aO9ya3gCJg2DSim7FOPWKWA5V5yVMBQzsQxP5kmz+PhrBcNNckZSQTxodIy6i8kLCSHNidC+mnV1QRM1mN3SQabjmHlGlybyFPVKViUoPNuohQIsgkEs7s4NW0eKEpiE8PjADlpJkI/hfTQ18xB8Bimlzsz0Q7b4EqYlMlQLUFdGYkb4yp3LCGWBV2S5cCtBTrrBM1zG9FJbVj2BPxMDklLhxZZ8R8R5xkT+WlmUrZS4mA9E2IPHfFI49agFEt9pcUo1RS4+PfUuzrucl7j/T+8PHKfWv4/9S/jDxpy9sbEE1qLJrv3eUaWIAy1U20G627PGMubd2s3kIv4megyykA5wsPZmY2q+m7W+/Lp252Bmq2xUFpkEm5nRwBoevwisEOoHTnNNwghmgmWGFCri9aG0ET9n8CqfOly0M+U1NABapvrGnjECXzkvMCUIWNkhlMohw4doxuTcUqWtC0vQEji1fMR1fJ8zDTsLipkxP2/NLKWLMliRlTrtXNdbXhGsUzqovHkOlZzNLlgKq9td4p4iJTcWi+caRlcohlKDv8AZy/QbolhcIpUpawAQnpbQdOy42Tvam80vDFuz/H9rocMQFAuCDMDFh1Vbygqpo2K3mKOl+A+bxyUsjOwUfvBwPd1w65pdIJcCYrfvIHlFS100jEgZRmAOVTPTjqflor4nDTZ0leJlo2EghRLA0uyb+scyiasMwIBBtrarD5rHZchY5KOT1SCxWtJUBmrWymeoqKFtYy6TdySsW5JIzbIva7aQ/15QSdlPjFNJoS3uiIzVEpJ0oILF2Ryor8ie8xePKJUE5kMywQQbb9IwpSqsS3efKNGWlQFRQmhFnuIQxbDSuSpplzcQAOblllEaFRCAADU1PZGVJTWv5SfAx3uGntgcU6FZFS03TlSZnOpEvISAFUqWs2lo4ZM2zhNt3X1QEpar1uivaYvzlbSjl91FywHRagvTR4rypzPsA/Z0dzQ1bgIsY2fVQKUtlluWqHCfR4rnnrzwIuYuVLJctmDMaAtQlNr/O+3huXVKSMxOYKsij3rq37je0WvarlfDTZKJUiWxCwScrbJJVl3m/UGjB5MSTMAAur1/aI3J0ejYH22SjAKRmCM0syZcsFyVALzKVQEOtaidGSN4jheTZ6lmXLCzmJy3fpMm/W1ozJaHIU11q03s3rEuTZhSuSt1MNrZoqheh0NKGnZAzdf7VcjqwyJf2vOJVLUEliLKSS6at0g1Y5mQnNmF3a1+yLftDy4vEqzNlQJOVCQ1AF+ZAq24DjGNU5upPixipNLVgoLTQWFQ/Grvuhpa6hG5b37LesE5/LLWjILgFTkkVHZYQJw/DONDu399IhV/muPlCgXNfLGFG3H8s7EKBzU/LDq96h6Qrp3wKZMTv0GvCCzZgOYVumhjLtlkSFMs0Yc510rSIS1bSTpmUb0v4QeWgc5lN+ct1mAFDLatFKHcSIJp+j4MVGmyfIw1GDt92W/1eMGwaQyXSs7KrA1oTT50hYlIBADj7MgvvrDoXdY5Y6RYEDm0O/zxiitagpTE3ALd7cbRaxqjtAknYRbs4QFTbRcg5k26kvFrODSTnYkLBUCXYzAeyJS9CPzmr1od3b4wAXABPSp6VizhpaiKJWXUahJNabhEbyClE7IJ/NfTfBEJDfynXWISLJ6lGnXF6VhFH8Kb0DZC71YWgM9B2FU90ecDSXT2jzg4ooizpA8aUiWDwi1FWSWuY1SEpKuAcARGopKSyyOPXGvhSUpoo1MU8Zhimac6Vy9WWkhRHUW1Brwi5h0C4okFq6kwOgeJxq1JlpK1EJcAPQMwFOAp2xnoY6aeMXeV8PMlqQmZKVLVUhKk5XBLAtdqeEQ5JwkyYvLKQqYoAqypDlg1epyIJIGbFx+HTTUjtixNGbNTRAqeCfjFnlLAYhCSubJmy05crqSwJNWr1RXwUtUxeRFVKyJAoHJYAPYVpFZy154AnjpMNfjGpyPLZExYDqSCoNo2prSNeZ7KY9j9gf/ALJVtX2o5vkaaxUl+kCmz3prEbPgzSWLbRq/r6wDDl0oYkskg6NU/COllezWOAQDhlsFH3pVLMel8tHPc0UFCahQSpJAqXCi4NeHhFYy155VTNdIA0RlPe/z1wZKQCRV2S0XOQ+S5s9Ylyg6uaKhmIFHAv22vBMbyZNkTjLnUVlSrZIIYkh37DBVGajp0q6fF++GlIOZIY9Ib2vWOyPsbji7GSHYh5h8WTE0+x+NCg68OA4J21u39ERcrk5fm5m4/wBUPHaf+mMZ/fyu/wD/ADhRvRwyxdvluy8EnUI7k/COY+kjCgYeUpIFJodgBdKhpFiZ7RhJ+6J65h16hGP7W8sc9KShSAkCYlThRU2yreABeMPRbo632QwplYWWlw5zLa1FqKhTqIjzn2swfNYyYlxlKisa0XtsQOJI7I7rk32obKnm1JSAACkvQBgdDHJ+32JRMxSCgOebAJLp1W4IZ9RWB0eiey5/seF2m+xRT+QR5d7aOnGYi1XvuUoqfxj0f2Y5QlzMNIJWkKyJBTmAIKRlLAl2pHnnt6n+3T6aJ1f3B8tCFZmFlc5MCPzGWg69IhPrD4LDlc0StVLCd9Wbzi97IYcTcZJSw6SVX/Jt9vRtB/YvD5uUJaVlJIUouK5lJSSySLgsS9mfeIMyMOVdL/n0ftj2b2RwqUYPDgEgKRnuKmZtn/c0eP8AKuD5qbOlU+zmKSOpJLeEe28g4BSMNIQol0y0JoNyAPSDUjyHl/ACViZ0lLZUFYSGFiykjiQFCPYOSMWZsiTNds8tKjWxKQTHmnt9hSjHTKBlIC3s+yhJPY3nHWrnpw/JKFrST/Z0BgWLzEpSKvSqriFTC82xcpCpk0ofKSopp7pUSmrbo7z6L8OBKxC3OYrCczs4SkEDsKie2ODkzCRVRsLWEekfR3OzYU0DpmKBP5qJUCd9FN2CI1GN9LGGD4eZvzIJoaDKpI8VUjmeSpqErlGYrNLSsEgUDAgl6ecd59JU5P1aWlSQoKmgA/lISsuONG7THnktbUABqQXFCNx30gNf29mBePWH6LJ1tzaFdLWpJ7Y2fopwwafMJDshA4AZlEeIjhlOooIdmYZqlkgIA6qAPwj0n6M8PkwhW3TWSKaJAR5pMWs4d1v6Q5Q+oT+GU/60+hMeY4CblmoUPdVKVY+6pJ9I9e9pZHPYXESwk5jLU3FQDjxEeQYABUxI3qlC93WkdsIYt3uczLWvnHg2DR0Wu5j3ipdh/pjxTkcELkqyP9ql7Gua3hbqhFr21CaJJGgjxvleQU4yaigaYtjplUsqBbqPhHr2MxqJZAKglR6OYFj3R5Xy3ic+NKylLqNSCLBkggk2IDsWvpCJiurT+imU06cogOJSR1Osv/tEN9Jcj+1yyG25SUjrExQ7OkIP7F42XInzM6glMyW6WfKBziiKabJHAdsG9sCibi8NMlqCwEpByqd2nClLEgm/DdBp3ypYFGHhEco3CDqlQhLG6IqvkG4dwh4s5IUEYkvBCrAVvx64pK9lpJUtanJUQWdICWswCY3hJES5iloGTlT7ESHJCjmJdyRfqy1jkfab2XmSAFqZSHqqXd6sChR8o9cRJ4efxh5uBSoFK0gpNCDV+uBk8V5PxSAhCecDgWyOdSXq0UeVebUQUEqUpLu2UDcwd/Dzj2Gd7FYNSiThxm4FQ8AWipyl7HBElX1VKwsJ2RmAH+0kmKlleXezK+bnomV2a0TmIoRZi993dGx7FT0ScXLUQGKyjMwDJWkIfgAQ/Vm3xqch+yU+UecyqCh/hrVwLu28xvcytIU8tAJuoy1A9fTvAkcPy5yYlXKM6WGIXiLg0ImKB/7vm0e5fURSPG0IKZnPKU5C0rcAB8pDHhYR6jh/ae2aUWOoJsdaxFcJ9KvJuXEyFpBdUlQLbkKff/GY1Pb3DFPJakgWEoM1gFIiX0gY9E5eHVLbZSsKcfmKWuN6Y3/auXKnclrmVCVS0qSQxOZ0lCa/xsKxUeFYdJZuAj1r2C5PEvBSiWKpjzf6myj+kCPMJuDUFb3YZdSTRsoqxtHsvsphynB4cLQUKCGykEEMSA4NRRu+IsYv0i8m58DMIFZZTN7Ellf6SY8rwq3ZrvWvrHq3tpy8rDy5gMkKSRkqVVzgjQMB2x5RgJZBQXarWc9bEXixKPPwissg6ZZjWslZUQ/8/jHons5yiqThZEtUkJyoupRSC5JdspIvrHHz6nDpKkrZExykEbSzUaWAAdhaOrwuMn5UL+ry1AoFUKKSQwZwFV7oEbEnlxarSZSv0zgfDK8eX4KV9sQxAStALe6AsWbc1I79SZE0KTMwSJalJZyjKz/xJD36o4fkOemViJhUxAOtASCCD4ecEu7qMTiZTFSVc4RvmTEHvr5RynJWHK1BqEzHBfo7WySptN/CPX+T8JhMSkKTLlKBuMqXSWsdQYq436OJWcTMPMVKq5SQVpc3baBD7nMGmUj2bnul5iVivSKrcGBG+OO5e9nMVLnGZ9XVkOqGWBRvdqO0R7HyfgTKlpllWYpeoBAqSQAHLAO19INkhmn0vOfYrkzDzgrPLXzoSygosCkmjJBcH56tXGexKDNQuUoS0hnSAS5CszuT1Bo7AoMQaIuSLQsohGEIKTQolCgmasBaLK0E2GsXpeAqLXi59VEFZkuUbekG5gxoCSN0ECIDL+rkwWTII0i/khwmAEmXFfHYITZa5ZKgFpKSQasQxZ4utDEGA5vkn2NkSFBYK1qFs+Vu4JAMbE7EIQ2ZTdsWzFWbgkLcKS4N60PZAcJ7V4eRMnpW5DhiRlyltTskg1vwEUOWuW1yMP8AVkslJlkJScigUk1ozMa8I7jH+y0iYlhmQd4L+CnjmZ/sMcrLQmYwIEyWrLMYks6TskxWa5D2RXLTjZEyYwSlzqW2FZeNC0erysdJmdGagnc4fuvGHyf9HcoMpU6YW9wpCewqCvJotYj2FlEHJMUDxqPjEWNf6s+jjsMeDYrAf2mY4/HmWA/Oq2jdUes//wATFSMxkkrLUAUz/wBSgIfB/R7LJC5mImF1Z1JyBJclzVzqbtFLrGdP9i5GIKcRJmskigSlKk9FKaAjZLAU3xvYTkwykIlhyEJCQSzkANWgEdBguTpUlAlyUBCRuuTvJNSaXMOuWIhIzUYFxUUNwfg0YnKf0fYOcSrm+bUbql0frSRl8I60CJQXJhezns0jClZQtSs5BObKGZ2YADfq8bphQngIKlCB/VxBniJJ4QA1YekV1YQxdBhQGXMwyoBzKo2SmGCBAZHMqhRr5BCgg6YcmAZ4cLgowVEucisVwJaoC2ZkMFxVQuJFbQFnPDZor54fNAHJhAwAGJAwBs0J4Hm4QngCZofOOECeGeAPzg4Q3ORXUl4kRAEMyGzQJoUBMrhZogTCeAlmhiqGhQDZ4WaGIiMBPOYYrMRaGIgJc5D5oGZcIIgCPDRFoUBFNommFCgFERChQDwyrwoUBJMShQoB4kIUKAUPChQDxGHhQEYXxh4UA0MYUKARhoUKAUKFCgGMNChQChoUKAcwwhQoBQoUKA//2Q==', '', 'Alan Walker'),
(12, 16, 7, 2013, 'Wake me up', 4, 103, '', 'https://encrypted-tbn1.gstatic.com/images?q=tbn:ANd9GcTGhv27X6ZQ8WnxiMeS8fqaK2Xzkee36KjwjQo5qE9dpJUwrsrk', '', 'Avicii'),
(13, 17, 11, 1997, 'My Heart will go on', 5, 123, '', 'http://www.powerofthemusic.com/images/singles/mhwgo10.jpg', '', 'Céline Dion'),
(14, 18, 11, 1973, 'I will always love you', 4, 323, '', 'https://images.genius.com/eac895ad02d622730beebd30b91fbb76.500x501x1.jpg', '', 'Whitney Houston'),
(15, 19, 11, 1989, 'Endless Rain', 5, 423, '', 'https://encrypted-tbn0.gstatic.com/images?q=tbn:ANd9GcTdvvxs9OpN0z2Y6TkR57gNot6GmObXdCMzVbDJv6sWlE36QaOz9w', '', 'X Japan'),
(16, 20, 11, 1994, 'I swear ', 3, 69, '', 'data:image/jpeg;base64,/9j/4AAQSkZJRgABAQAAAQABAAD/2wCEAAkGBxMTEhUTExMWFhUXFxgXGBgXGBcaFxoXGBcXFhcYFxgYHSggGBolGxcVITEhJSkrLi4uFx8zODMtNygtLisBCgoKDg0OGhAQGy8lHyUtLS0tLS0tLy0tLS0tLS0tLi0tLS0tLS0tLS0tLS0tLS0tLS0tLS0tLS0tLS0tLS0tLf/AABEIAOEA4QMBIgACEQEDEQH/xAAcAAABBQEBAQAAAAAAAAAAAAAFAAIDBAYBBwj/xABFEAABAwIDBAcFBQYEBQUAAAABAAIRAyEEEjEFQVFhBhMicYGRoTKxwdHwBxRCUuEVI1NygpIzQ7LxFlSTwtIXRGJjc//EABkBAAMBAQEAAAAAAAAAAAAAAAABAgMEBf/EADARAAICAAQFAwMDBAMAAAAAAAABAhEDEiExBBNBUWEUIpFx0fBCgbEjYqHhBTLx/9oADAMBAAIRAxEAPwAO8lziSZgxdUcTRBMA2TnymOpOygi/FekctjThC0ixuiuzqGW43oa6sTEkq3hsXlZHBMT1C1TC5lVODLIspsNtEEAR4/NEurkQTJRZNMEtaSY0HBPfhoFkRfQEQq20KLg2xsE7EUsGctiPGURO5AG1HkyAbIps4OM5gQiwae5NiXcAhz4BRoUYEQSqTsH2pICQ0yg1gJkqZ2GUjhew0UlJlrp2DZTdh1XfI0RZ9OBKoVaJlMEwbVJJUuHoqx1SkYLGyEhtlZzU9tMKQUiUnMhMkjdZNBSKkZTKYjobCidqpqhURbKBHXiyVIJ2SbKTq4QAx9goWFSVHhcY3fuQBLIXVF14SQFA/rs109tSEOY9SCosbN6LzgHGyaWQq4eUQo12ubB9rinYqJsJVhpcHX3hHtn4wPaLjNvCyTAWu5IvhK9NpzNJvaFLGjTNcDYqltDsmDMH6sm4XaGcRlEqbEtD7uEQktGEkcoYRsWHmu1DFphPw2IJJbwGqQogkkmSqszpnMpOhTH4cuVmk0DcVIDdOxUD3UQwRCrMpElEcSVXZXgGBdFjoZVZYeSgFEHepqzwdQqhJzBoF3GAGi5RmSVsWV7IiruA0HioqJE6ruIImLggwQdxFjPNdoUwTYq09AZfZhxHNDq7LxqiVQENie9NpUWjvRZJWp4drRJ1UeKqNaI3lXMY8BsaIa3DF7rpgVnOmyfOXTUqeowN3KrG9Ay5hmRc71FisTJgCye0yICmoYUCZ13IAoMYTc6JTJgaKfEcOCjoEBwJKBln9nDmkrX7THBJTbGYdrgpqTlVBUraiws3osOTmPhMw7C5Pe3cnYUSuxc2U2Gq5SDCpMBUzW8UWFGj2ZiA42IB4Ru71pqeFcWm4g281lujGCbUqXiAJIO8Lcsw7W6WsBG6O5ROTT0KjFPcFUdiVZJAt3FXKeFOkXHJFcDjQwwbJYna1FroMkb8omFnzJWaPDi0DX0IFzdUcRUj6ujzqVN0FrgZ3GxVXamy4HMjdotFiLYylhPcFUTI0lONEbmwomZmC5VT9quLwBoNea1Ri1ReNGBuQ7DUs2JYM7qbr9WWtBl0GQZBAGXNqifXAwZHcFUbWaK7Kj8wbTktyiZcQW9q2kOJ8AubjFJ4E1Hentr/AI/nwa8PSxY3tYE2m0h9S5cQ98k6khx4IozZNOl1ZqPrdpocXsZmpC0xIBI7zZRY0NL3upyQ4l0uF5cSSO6SrWAxVOkWObXrNa1vbolpc17ovlLvYudxAsOa5OKnjrBw+XadapLx9HXxXc6MCOG5yU6/d/7V/JS6ttTDGu2q4vBDMmXsiq4tDW6TBL235ok/ZAZVbSNRwDmOcHADVhbmBtAEOGqpbBx7aVSrnb2KkPAAmHBxIEdxF/8A4hTYDbE0HseCapdUi34ajsx7W6JI/pCwxfXLEcYt1fj9S+n6XuawXDZE5JXX8fdFRmz2FnXvfWdTc8in1VMueWgkZ3jLYW0jhxhLH4YUqwpVKjg0jM1zGFz3awA1oMGx46K3Sx7eqbRdVqUXMMhzASC0k9kxeb+imwlZjaprZqj2ZCwPd2ntMgyBEgJrE4yMp3mdX0+GnVX8/Qlx4dqO3T/dq/sCtq4QCgK9M1IzZSys3K8G94gcPVTu2Hh8jK5xLhReCQXABxJ9kNBE7nE2myftDF034V1B1avUeJc15ZBc4SWjSzZte6jxuJwvUU6LXVHGj7Ac2M27tGI0nSEoYnFyUItzXuabr9PR6r/JUo4EczWV6LS+vyQ4LCdkHl6phcZ0zc9yfh8XJ9k8AAbK9jW9gBgEuHj5L37PKozteuZN1zCOlwspquzSDLjATaGJI9nu0TsYS6pvJJD5dwSQLKZEJ7VCxyla5ciZ10W6WIjRWWNLpIQxj1fwmNLdNFakS0W8PQMzHen4ihCkw+MkG8K05zXtsW+d/wBVRI7o9VDarSXZVt6eOpn8YWJwlCnvKtjAkiWGeUoYjU1azZ1+SdQqsBg+PFZjDYWpqFK/DVTvv6qHFFps1tLGNBOWDHmBxRQYqm5uY8POywlLrQ6XAq4NoBnYJIHCSsZYV7G0cWtyxt3FSwkNLRMCRu4rG1sQZMXWh2viGGlkDjGusgrI1XHSVtDRGUtWH9k7RYLG1tdQib6rDvHj8ljQMql+8OHsrQzcTY9VlFxJOnAIdXwznEk2AUOxetefb5QUfGGAB4ny8kromgF1ALSWFji1pcWh4z5RqS36KtYOgzNhTkI60ODhmOosD6ExzRDDAhuXK7LkNMgOAbfV8ZZznjKr0SG9TDDFGbl4vOpNuK8nFlxc7WVreqfSnXXvR3QWBGtV03XleO1lGqxriQAS/MQG8TMAJY0hlKn1bicxqB7rwXMIFp/DMgHfqrDsSR2KbnBuYkezYl2ax1N03E7TflY3t5mEnO4gySCDaOduAXRL1LnBpaLdX4e+nftdeemUeTlkm9fp56a/b9ijQ66qDlyAZsjS5zW5nxOVk6uVTA7Kq1IeSwA1DTIc8BwqAkFpEe1aw5gopTqm3XM6wtqisxwdl7YAjNAuLA2TKeMYBdhL/vAxBIMAvB0AjTLb1UzxeNt5Yrfx91/C+g4Q4fS3+fA7BMMQA1pzGmM7gM1QasbxPoq9XDP9p3Z177blbw20AMw7bWmo6o0NfB7V3NcYuM0m1xKqOxJc7tO1J5751XRw8+IlKXNjS6GWLHCSWR2yhVa9+gJClweGi5H1O5Xg7LcGd6r4nFSCCACeC7LMC197HAeiSD5CkkPKY3KnXT2sTg1cR2DAFI0FdAUkJhR1tQhTU3FRtIVikW8FSYqLOFxhb+qJ1drFwGgI4WVGjh2OIgnmeCZiKAaSNYV5mTlRoMBtWOKPYWKl5WMwFLgVotlYgtOmtrH4FOyXE0NKwie6UL2gWExVtwIF/wBQrlyoMRTLiLeaViSBlXYIImm8keiCV9lua7RadlN9My13eNyqYurJTsrUz78KRuTsPiA03FlfrC03Kio4fObthOwou09v0GaMJO+wCtM6V0fyv8h81RfsEHePBRO6PgdyVk5EGaXSKgbS4d4+UpuIxdMsMPbxsfq6B1dmBojeqlXBniO5OwyIJMqDUQfeFWxomDKGuouCldUdEHRPMGQm/aECJKrUtpOLrmyieSdyhNKCjMGRF3EbUM2AXcDi8xvCpnDE3T2UCLozMMiLm0axFghTXklXHtJ1Kh6pJyGohLr0lSzJKSqAIBUjXKyMQ0iNPBND4tAPgsykMDFHhy6piGYekA55N5JAG8i2+FYYZ3J/RIRjazge21rnNBAuQ2xkmBeNbXWOLLLFtG+HHNNJl/bfRvEYTKazWlj7NqMnLm1yun2XEabjCGtfG5evbfw7sTsx7qhAPU06haBAbUZlqEgzpIPzXkxpgqcCblHUvGw1GWgmYkqdmJdERPgoqVGTAuiFKll3LdMxcRmFxpafZ8rIg3GZjb1QPA4mpisQaVMik0HLOUFxIMEmdBK1OPwZw0CoQ605ogEC9xuspWPHPkvUrkvLnrQJ7D2sGdmqCBu3onUqU3klpb4ke6V5ZsnZ1XE4o/ew4AAOyzGUP9gNAPYEbuV+K9EdskYQNy1XPpvEBtRxcGu1ljjeCJkSd2l1l6iDxMv/AIPkTyZun+R9SmNSRA5/JDMQ5pNkQfTzSS5o7r/NVKtNsdgF3M6eELosxoqlxAmfCfgu08Vw1VetSKo1HuB1KqxZQ83GO3ApxxZO+EAGLdvJXTjTwTDKEcQ7mqT+9VH4spn3lOxUWnuUD6igdiVC7EJ2JosOeoXPVd9ZNFaErBBChUTnOVFlcpOqlGYGiw+oo5JVYvS60pOQ0i9kSUP3o80ksw8oCBUtN6iAXSIBJ0F/Jc+c35Zcp14VbEOeKzH0iWvIIsAbWFxwgkIY7HlxhvZ4Tqfkth9k2ymVse5tQmzM4MzcOa2DOoOYeYSlbVE5opnoO2nV6ezXGtUY0FrGhrWnM5xIkElxk+0THArzUva64g9yN/adtkuxRoMcTTodjgDUN3ujkIaOEHiViaAOfWLE25JQg4qip46lK1saChWy3GqtN2g9DKRIbLz57vFV8RtWGnqxJ0BOgPxVW1oVmg1ZL0ZrZKmIL7V8zcpBgEveDIABg6f3RvW+6T0M9M9U2agD3Oa4uvrYTxkacYWR2D0XfjBTr03ZXZQ2qYzA1GmCTNmkty2gjszvRvbDhhjTxALiaFTqK4P46VWm1wcwAANc06hsfgO4rmUU8bfU0ztYG2hT+z7GOFR/Xdp+VoDXD/EaGtZedbNHeSjW3sYHZGtEFpcXAezJJggbjcz36lEMdsfDVRRMMcQ8OgkSBke8EDUNcWt5EFYTG7bczE1cgDqecw02iLHKRoJB5IwcL3533HiY6UVDdVuG6eKc38UctUb2Pieuf1RjdmduvoABqbb9LcVm6eMa9oc0WPwsfVWuh+0adOpiKVV4z1HB7CQYDXACxg5SIPotsebUfaLDhFyV7BnpPg+ocBIMzDhuiJBG43CztepI0nmtD01xlJwphhBfdzspkQRczzIHqspJPFPBm3BNixMNKWh1wO5R9WfopxceC4aruC1zGeRI4aB5LjaXipqbHO3T4FT/AHRw1t32UuRahZSdQ4z6JjsJxIH1yVmtVITPvXJT7u5TydURswbN5J8BHvTH4QbpRDDObvBPjAV/DlpMQBO8n3Kfd3K9lVlAdLCKR+FaNQ4+QCLbQowJEeG9B21HbwEK31FcVokTMoiIDB6/FNZs1xNxHOyv4GudIgHgB6kokaWbQOMcBPuUPTqXmvoB/wBkH83qEkV6h35H/wBpXUq/uHm/tPPKTJVfHmKbpG6POyu4es4aZTP1vUG3q56kNLQJIFtTv48klN5qHLDjy3Lx2M672WkayffZbj7PceKeJFTc6m9p0iwzmZ0ALL8gViKYkEcFYwGJcGupt9pxAb/VZw7o95XQjy3sGcXjDUe6q72nuLyJmC4kxJ4THgu4alDQ7fZvqT74VDLFQsN4gemqJPYRRABh2YR3jSVQE+06c0SeBafJwQ+ZOXw8R9FFKVXPSJ0lptwI1HmgLnZax4WPoEMD0X7Odpup08awNaXCi7EUw4aPptlwtBgtiRP4UJ6QVqryx1b2nsNWLw3rKjyGiZIGUNMSYzHuEHRLHiji6Tzdri5rhxDmuaQfCT4KKpizVPWSYNm62pgQwXk+xGpnWUkld9R5nVdAhsjHFjalRzgTSoFlOY0JDWMECSMzhfcBHBZ5rPrwUlaoSCAbZr88sj3+4KrWxGUfWvBNiDWF2rRo0DnkvzOytG8WMk6ASTfXkoti7Wq021sZ1cSW02uPsgGeywO9oggGe/igVSianVi13tbcxZzgNd36o/0nnMaZhvVFoNNplofkBOWLZRIaAAOahxT3NObLRIFYraVU1HVA92Z13E3kxvBtb0Wm2DtPtNbWYA51g4aExoWnQ8wh2zdjtDOtrvDWHdPaPEAcVXfihVa5zbFpDo3gTlBHMZQf6kUgjiSizdS3gFLQo0Se0APVBMJiM7Gv4i/I7x4GVLLtyxbPRUbVoPYugYy0b8xlEcroTiMDXdr6kfBVxUqcT5qQYuqOPmlmoWRjWbGedY8z8lIzYbjpB7iuP2jVOsqB+Mqc0m5PZjSS3RepbFcDByA69q3vKsNwEHVn9wlZ9+KdzURrn8p9UZZvqK4LoamrTBblOUcwWknvJVf9m0t9UDvmUGpVHHQQuva9TkrqVntbBmm2gLmo6eQkep+CfT2hSFutJbwLPWyzzqT+HqmBtRN4ae7/AIEptbI1v7Qw35j/AGn5JLKZqvFJPlrv+fAs77AVtZjtQPL9EM22RLAI3xbeYE6Dmj9Po1UImm7N3sI01uCVntvYd9OowPEGD7xx7wpwsuf2sOInJ4TzKgTWGVzgFHh6mV7XcCCp8Y3t+AKrgdod66jzA1jbV53OAKsbUqQ2mBrnB8GiUPxb5bScNxLPKCPRXHjPVn8gEd5ufSFQgxQpxm4ET6LM4xk1XX4DmOyNFqHmG6bllqrM1R7pjtEeVvgnIC61xyOncCQeYvdFGiOzcfDhvuhuGp2Mm0FEK+HdTc6nN2EtuL2JEkeH1KEBS2fUzUoOuvO9/mo8UBl4XHvU2ApFstJki08QdEyk4EngI8Sb+6PNICtTpCIJ1kCTo4tOX1ARch1Z7Q1vafLpJ1Lg2STwboPBB9rWAjSfUXHxRbo5iqgq03tEkBoy6yA2Yg6iEhlraGysSA1jy0NaYEOMAniHRM+fJZ/BAtxGQuAmbmAL03QDNhc+q322togN/eNLB2b1W2sQdGuJMkSdFh6b2OxFR+aWCSDlLZNtxk6nvQBs+jFEupvAuGPI5XAdu1uSij8PxCC7DDjTdUa5x6wzMEaANsOEgxyhE2UsQdMx8J968/El73qe3gRfKjp0JTIsk2i86ApjsBi9bz/L8gp6FDGD8b291MH3hSsWC/UipYeI9kdbga35CrDNi1TqAPFMqvxZ9qvVH9DW+4hUqmHxDta9SObwPTOqWNhvqZvAxg7R6O2lwHmmnZWHBvUYDwk/BZ8YF4/z473n4Erj8KRc1gfN3qVaxI9zN4OJ1YddQwYN6g7g1x9UyMJ/GA7w0H1QahT/AC1HDkJjylSHDNPtSf6fmUniJDjgSfULtxOEH+bPd/spqW0sP+CnUfzbEeqAuwdEbn+QUFWjTHstdPihYifQT4fyaX9r0/8Al63936Liy/VH8h8z80leZEcoy7dohoIpl7f6gR5ZRvQ7bGJNQscXSQSPMfoFAR3eairtMWEwQfrzXZy4rVHnPFk1T2FjfwO5R4hV8OyXBavG0MIMNROUgVWO/fS5xZiKbiCxzAYylpG7fI0WOeoTsqcHHQLEA0nxcsLX694PoieycJU6vrXMcGvc7tFpyyDlyzpNohBNjV8jjaZAOWYktIdGhtEr1Hot01wdPDdTVa58g52ZMwqFxJeSD2bl7jBOjeaHKmtCsPDjJO3Rka8ka7wOSBMHbf8Azu/1FGsLhX9XAlxJBuQALie04gQADcnchmFoOu/I4NJJkiNTOq0ZiW2NkEC5IIgI99oOF+7bTrMkkOGcE2lru0DrxLxO9D9nPLHMc5h7dmRZxGZoc5to0MD+ZbPpk2rtF9IhrWU6ck1Hkmplvm4z3F0X3IpitHnpfLgdIF9IPLjIv5oQzFva9wAzDM63idCtd0cpYPFVhSAeGU6ZqONg6oQ4Egi4bqQY3eayWCg1DwJMd02+Cm71Lap0LadYvy2g3kHwj4p1Nxa2JBDt0TBHfpqFb2vRBI5n4f7IdTrFtibbvoBDEXaWHc+JOggcuVtyNUMGxtAUupBrVndmoXSGta6HlsRGtwdxVbARrKsjpFiMK4touaGu7UOY119JBIkWA37lMs1e3cqOW/dsemYLbGHoUmUmUy4U2NYJMTlAE2m5ifFCdufaOyg4N+6kyJ9sgakbxy4LEs6b4/8AjmObWkf6UK2xtWriS11UglogEACxM3jVcGH/AMfLN/USa+r+yPQxOPw8n9NNP88m2p/asC6+EJBgXq6eTAjdfpKdfurI5ud814+KQ1mCL+Ivz5eaN4fpTimtLA5hBLnHNTY4y4kmCeZNgtcTgYr/AKRXyyMHjt+Y3+xvG9KWPEtw1M2B/wAQnW4kAWUFbbwP/tqY8XLA7J2u7Dh2VlJ2cj22ZoidOGvuUmM6WVHdnq6DebaTZHipfCVLRafVmkeNi4227NZV2k4n/DpD+74uXGY6T2msbxIB/wDJYsdJqwAOWlY69W2TyI0juUeI6TVntDew2CbtY0GDu0sByV8mXZE+qhvbPQ6eMcL0SSeTD+qjxG08VPafUFvyx/2grz5u3q/8Vzbfhhv+kCVXr7VrP9qrUMadt1vWyS4Z9aB8ZDon+fub8V67tH1T/epKeJeDD2vcTYC4v5GV5xV2jWJvWqOtB7btOGuiZWxT3OzPcXOgAEkkwNLq+S3vRHq4rZP5PT/vLv4LvJ3ySXmHXu/MfNJT6bz+fI/W+Pz4HtcIN7/D58u9OY/u+veod2u+w3338NwUmYxpNt+kxuvumy7LPPJG4yoGmkHdh5EiLG9jfePza81DjaOV5bMwYkb0h7QJ3lWcdRgfXcprUptvcpU7CQYMyEU2Ripf27nuHmhTSpKL8rgeH1CYj1SpQGIwtSmNSwgcM0S31ARXo+3LQnkFn+i1UySDI5+480dq4oMpwLanyP15LTBerRlirRGWxlfrMY//AOsNps5OPaqOvwBjwCM7e2h1eBrkauZ1Tb/nhp8gXHwWP6O1S+o6pN3Oc7wJ/wBkW6cvjDUmcX5j3NBH/cE827FWqR585sAHzVnZ7ocm5mQZmd1hHLeoqboIWJsHto9pjHflIk9+/wCKCYw3g6g+HhyRpvapOHKUDxJmDxCbAMbJr5gAQPBN2q8Z78B4CTJ7/wBVX2M68ePw+fkltYnNoCC0X7jH13piI+tjXw8YM90e9Suy9j943tCXHt9g5nAh/ZmYAMtBFwqtOvEgG192upGo0J15EqOo49kkSN0zBAJtOusosKLLw/M1mTtODcoi5zwWkRrII8CuFwBc10tIkCbw4HR0eOg1VOk3fuGukwbWB11T4GWwOk6ixGp0kC/LdqlbCh9R9hG/cd3jvUeW9hM6ayL8t/z46OpVSADDS0OFjBki8ETMapPrlxBJzGGgFxNg2zWgz7IAA5QkMbVAkloOUQO0ZMxc2A3yRwtrvdVaCTkJNMGxc3LwFw0kA+KaIkyQCO8gwDvE7wOV9Qmx2rX4br9yAJadPMQGgS7S9r9kTNhc6kpU6uUzqAZa1wBbMiZGhsPGAmtrESJjMCHHiLGPMLhdYwDlnjME+8wDuQA5jAGul0OEQ0gnNe9xYQOKa1t76nh5rrm2nMDvBEzY5fDSbxZcDibmeEnjEa8I3IAdLODvMfJcXMo/MPVJAHMwiIvOvLhHn5pG0jXdINv1TSUgUAOHciGJqzTbyAB8P1Q8OVhp7BHAoArOELjU6uLjuCazVAHoPQ+uKdenIHV4kZTO54v4GCO+IRrpjVNPDVf5S0EaS85ZB8SsRsisX0X0vx03NqU+8Ey3x08Ud6U47rcGI/G+mPefgiGkmwnrFIG9EqIHth4mCC1sjvJ3eSj6XYwOqOptcS2kMtyCc2rrgCdw0/CtLsGiGUwTrHuXnlWvmdVJ1c5zvMkrSSpGcdXZSDl1pTUpWZoGMHUtHJC6w3cCQreDJOirYsdooAu7IFiefpCl2yzstPMjzE/BM2Pv8PWVa2kyaTuRB9YPoU+gANpjRcKUppKQHZXJXEggDq5C6UpQBxJKUkAJJdlOY2UANlclOe0hNhADshSXMy6gBFpTU64XGtQBxWKRsVAAp2ESUAMr6N7o8ifgQooUz2y2eB9/0FGEAaTBUzVaH04FQsDSBaXNNn8zYT3Dip8ViA/DtgQ+nXa59PSLOBgcM3lKz2GcQWwct9eHktts3A/eJaGGpWAeGklrargOyGmOyb6EneEgK+Dx7GhznSzszl6zMTB/K7TvCyFZwuRYnnxK0z6OJp0XNqYSsWtaQ4vpVQ1guCSS0Rv3hD9lbBOIdkZInQkCJ3A34T9XVyYooALkL0hn2aPIaIaCRdznmxvuaLeq5T+ymodcQ0dwJ+AWHOh3NOXLseeUXwpMRhXANdldlcJBINxJEjlII7wRuXqWB+ylrXS6vmvb93A8RnM9yP4boaWwYw73tDWh1alUqgNYA1gbSNUNEABLnw7j5UjxPAVHNeCJgRm7ka2zTc2m7M0tJaCAQQSC4Xg7lvdp/Z5WqVRXFWgX52vcG0nUA4NiGwx7mtAgaNE7zN1sH4eriWCnjMLhSwaFr6lRwIuHEPYGukl3dO9P1EKDlSs+bCmr6UpbBoNGVtNrW8A1oHDQBP8A2UwaNb5BZeqXYvkeT5raw8D5KalgarvZpPd3McfcF9Ifchw9Fw4MJeq8D5Hk+cm7LrnSjVPcx3yUrNi4kifu9X/pu9BF19COwnJQuwiXqvAcjyeBDYWJ/wCXq/2O+VlZZ0Vxh0w7vHKPeV7f91unnCBHqn2HyF3PD29EcZ/APi5n/krFPoVjT/lgd72fAr2cYOU4YIJeql2HyF3PGP8AgnF72sH9fyClw/QTEuNy0d0n5L2U4AHcutwgG5L1Mg5ETyL/ANPa38Qf2n5pL1/qwkl6mY+TE+cW0XHQE+CtN2e8j2T4wvQMP0Qdvqxya0fGVfHQ6ifafVLv548AAAuh48TFYTMfsn7PMbiKZrUmA0wYJmTzhou6OQVTbPR2rhWt62m+m53sh4IJA1IBv4L1HY+ym4f/AAqlcD/96oE75a1waT4Iq5ue7yXHi4l3qVL4lLoVyH3PFdhbLfUkGi97dYAcL+AKOf8ADOJLSKWCDTuc5zJHg5oMr1Zlt/gpG+HmspcS72LWCjx2j0Ax5PaY2/Go0+6UYwfQfFteHPaYFv3dZoPqL+a9PpviNPrVSMdO5S+Ikx8mKKvRyviaTDSLG02RrnFR7pJLpEEAGTNz4K+G6AJZ4uQPrvUrO761WU5ynuWopbDOqJUraMJzX/X6qUclNDI8ikyckoK73jemAzLyXMilgcFxIBmXiuFqm8lwAcUARFoTHU5UxaOK4WpgVXU1E+mrjm81E4JDKnVJxpqUNTnBAEDWALqc5q6WIAfRauVKaawqxlMIEUsiSt9WkmMyg+vNSs+KSSbBEu/64qQpJKRnaW5WUkkMZ1n16qehr4H4JJJAyb9PcrFHTySSTJOu18fgkUkkgLDNR3JVNPAriSoXUcFE/RJJADWb/FdOvgupJAIb/rgnHd3fBJJMCvU+PwSdu8F1JIBh+vNRO1SSQMYxSs+XvSSQJnBqrQ+ISSTAkSSSQB//2Q==', '', 'All-4-One');
INSERT INTO `track` (`track_id`, `artist_id`, `category`, `publishment`, `track_name`, `rating`, `view`, `track_link`, `track_avt`, `lyrics`, `name_art`) VALUES
(17, 21, 8, 2013, 'Rap God', 5, 324, '', 'data:image/jpeg;base64,/9j/4AAQSkZJRgABAQAAAQABAAD/2wCEAAkGBxMSEhUTExIVFRUXFxcXGBgYGBgYGBgYGhgXFxcVGBgZHSggGBolGxgXIzEiJSkrLi4uGB8zODMuNygtLisBCgoKDg0OGhAQGi0lHx8rLS0tLS0tLS0tLS0tLS0tLS0tLS0tLS0tLSstKy0tLS0tLS0rLS0tLS0tLTctLS0tLf/AABEIAOsA1gMBIgACEQEDEQH/xAAcAAAABwEBAAAAAAAAAAAAAAAAAQIDBAUGBwj/xABTEAACAQMDAQUEBAgICggHAAABAhEAAyEEEjFBBRMiUWEGcYGRMkKh8AcUI1KxwdHTJDNkcoKSlOEVNERVYnN0k7TxFjZDRVNjsrMlJnWDhaKj/8QAGAEAAwEBAAAAAAAAAAAAAAAAAAECAwT/xAAhEQEBAAIDAQEBAAMBAAAAAAAAAQIRAyExQRJREyKRBP/aAAwDAQACEQMRAD8A492yfEmI8HEAQJaBxJERkknmSagLUjVKcSZxxxGSI/X8aaWqLaZd07ABowQDiCM+o64IjpBBzUx+ySto3NwOYXb4geSSSMDg45xmOthq+y5RLqKNgtW3YgNtJ2J3ih3EFlJggEwcRIIpm5b7tQ9pvp23DcAR4g6z9YQYwcgx1ip32Su0Gka66oglm4EgcAnJYgDAPJAqyTQFrhVmkhSzFRv8W3cQcjj6xmRnEgio3Ytpmv2woUtOAw8JIBMGfPj4ir7S6nuSrJbzDN4WPhDYYDcm62yiIM+Fhu8qLS6R+ydTc0jhigKssFTG1lbo3lMdIYAcioHaUMzMFCySYWYE5gSeM1pu0NbZ7ofi7bd7Etagi2iqqKoIIAa4xJYkY8HuAo3TeWJ55J/uqd/QqbKeoHv46/f9lSLwkkxGTjOPTNPJpiCNsyMiJkRmRHupxLU+/NXtNqoupB4xUbUXCzFmMkmSeSat7+nHU/W+zGfSh2V2K9+46I6qwHDELMnbt8RAkzETVHDfa3ZqrpbN6YZiylZkwAGDnELgjw+W09ZMDs2yrA7mVfFbWS0EBiQzARBgDJJgAnqRGo9ouylazbGlR7zMxZ2tr3hyAfF3YhDJI2xGAQWncYOm9ndUml1DtbuWwvcttkqWlnWdn19obPVdwMQSRP6XFd2xZS3c2hi6iBuMjcOhWQDtI4kAiIitB7EXL95L+jSxvs3QXukA7rYChRcBLDcQYMEkZY7TGM12oCzbjdW6WAJZRGANoBECIC8eUHrTel1Lqdysyso8JXw9ZMkQeCc88DjgsIxbtFpgTAk+7H6zSHWMU7pmcMNhIbpGDxBHykUm/PUz0n0GBzmIqoDQ4pMUsUBQNrLsprEqL7OEzOxQxyvkSOTHXEYmZHT/AMH2j7LuNbYKLl3dMMSNi2v+0NtFM7gwJ3EBm2gCAY5NY2SNwnHEnJ9esecH16QbLszW2V3/AJMbmAVNw3qhMDdDCDy2GnGOkmMpuBt/w49mWrV3TNaVFDi6dqKFAg22kgHLFnYkwPd1OF0a210+qDGHmzs5O6HIdCBgchpJ+pHWnvaJidjL3nd7V2l3Dbn2J3jqB/FgwoCjA2RnaYPtq2tq5qLYLZWwRDeEkqjmdx8SZMRJ+jkCZMZqaUqmskoTuwFBxB+vtAOfD9In/nNRgojnNPWtJcKFxbYoPpMASo6wT0wD8AfKmWSBJHu/RThEkUKJjQphN7QYltzCN3i5nBJyT1OOufOo6mjcGY+AotsGDQTo+k7IjTOu1RcdE8W4ncHW0yIQQFEDcdwLH6Q28lY/aPYj7Lz3WnaLjbiuWYS+4H6zMSASZOeABNX2p3JpbOpv2LdqLYUXBC96SbcXGAJdpHeEkAAmD4pqJr9Or6W5d3l1uLdKMOly2QGDCfo4QyuAZ+rAOO7s+tMd7O6XvNVaSQNzRJiFwfEZIBAMEz0GZ4ra2NJp7NwTdslxdYswO9bg2eNCjBl7rbubcx5wcgist2Do2bUWdsg94nBIIG4SQcQYnqK6JY7JtLuGoW7p3DL49ysSI2pvuXAYCoWGCdykSZBLVllExUW+x7LA6lNrWcm7tHhsuWYBAgE7f4vIGM7d2AaHtTSIl5wjBkE7WXIYdD6SIPpJHSpGp0iW2Oxe8tgsgubWAuHqRPEdOvE9ZjNbwfdUBMs2CtkODB2uRjJlth2noYn16RmaqVWIwPfEzwOtbPsnQWrmmTcDvIY+EsSQLjj6METiPjx1FCNFNwIMHcQCZ6mAIGZwcCeacyFiHZ7CuXyNkMTMDdBkCYOPDPQmBJAmSKf9mvZktcu3b5IspcZcEg3WRip6/RDDnMkR5kXXZy3bd22Le0kOpnYlxNp2lvFBg7Y64x6VdWL5e44kEKQMAATEk4x9z51OfJZNQ8Md0SBsKqMqySAo6kyWI8z15J9alL2Zc8zHqrfoANXWiSBU4qIk1y2b7dk4oxPavsTY1CmQqPH8YgXd/SkZ4AzmJGJNcu9puw7mjc22UBSJVhMXAIBg9OjFTx5nBPedVbHM8Vnu2uw/x61csyAwzbJ+q0SDP2e6fOtuLlsur4y5OPThanrRvnM5nP7afuWSjMjqQykqwPKsDBHvBBFIKYruc+zCpShbqRamCMQfQT84n7+pomWkWwJABAJAIEiZkgjnj1Iwf101ptOzsFQFiSAAASckAcepFLt7dw3khZE7QCY6xOJin9Pru6k2wN2CHIIdTHiKFWx5ZnEkbSTSONR7d2e50Wk0zqRftXL/AHnhUKC2xtqwxBCyFwB9GetZrttRbuFF3QUsk7mkkm1bcyeIljHkAKR2pr7l4NceDuuMxaF3ljyCQASAI6RUjti3+UO0DGn0pPA5sacEj1lunmfWl4ozbvMbDISIG3avhUkTdbdPLbSXEdTcH5oFVb3CeSTAgSeB5D0pw5UZOJHoByI8vrU3toBFClz5zQphZdvIi3mFskgczH0pMxAGPLAxFQZ860v4Rey/xXXNZ8EIloDZO2NgzB+jPMdPM8nNqKJ4Tedq61b+lWdc9xhbtt3Tq6ww2JtByrqqkxmZYkiQxM3s491YuWRJW4bkE7PDtVgpnjcVkGBk5U8LTV72YsjTI6sASisXNzcSCp2FbVsHbuP1WYsQoICzto7YdLTWmgpuLAg7k38blOYO0R5kEyelZ9JyWPsTZH45Yx/2gOPSW+2K6R23rGuqS1kogJKsw+quGusSIthRvMEHow4iuZ+zeoFvUWnO7wsGhY3ECSQJ9BXUdR29ZvWzbVXlzsmGE3NpIXvEVgCGGwmZBIESQDnn70eHjDdqdmPb/KbbdyVVdvdOu0bl2AAnDkEHJJCHpgDPasy7HaFkTtAgCZMATx8eIrULrW/KI0MzGQwLbNxBG4KVywmN2GyRkEzTfiO64F8xA2iDwYiT9889Vs9JnYl/baVQOp6SOSeI93M8DHWhrNLtdbkHnMYPkRgjNOfi/dqACQMwcgEclgfrAiOgwfTNvZ0+5DMHJz0MZMekfOR6Vnbq7aSbinR9sEbs8yBkwMbg0naIORPiPQii7FcAFmYCSTzAz0zU7WaVwuR4UEA54wPOIgggcZxMTWfbTFSjFO8DErtOEEDBb7fP3GnrZ4dV0LQXEgeJT8R7/v76trltI5Fc3sdhq4F5NOdK/I/KlwcAmQSRBMiBnHwrTdoWW1Fm0m5l3LLbTtJgE7QfU1GtOrHLcTtU6qYLKCehYSftqot3il0kcH9X7f1VndRolsEqdCGG2e9752Y4BgI5nfJIPTEiZgXHZmnZQoYmSQfFyJzB93FFx0yuW3Nfba0D2jf6KShwPO0hJ95Mn41Q3LXMcVpfa62x1buVYBtmwlSAwCIJUnmqdrECu/C/6xw5XtCtJRNbzU+xpS0wJgVE1JzFPYM/ijkEqshRJIyAM5JGOn6+M0hHULxFwMCrhmnG7EcDMGf9EetW/ZWlN65Fu6ReKs3jCBXb/wAMMzeWZPJJEYBZGq7FvW3BuadvGANsKjKWUGNsShE4kZz1mFtciru6tzZW0SNi3Gcee4qqn3CAPt5jCb13cZckEIgGJnaqIg9PCAfh60WqYnwnlfD0JxOCQMxxnpjgCm0AMyemOvGAPlRozdsdPMgcwPmeKmadygaCPEuJAafGBx9UiCc+XqKh21JMUuYaAdwyBznyIBpGNbI8QOGBiCQPOeeTIHX59BRXydqyBBkg7QCcmfFEtmep+yhTDRfhGLHtDUB5lSq5drmAixDuNziOCckVn7YrQ/hAW2O0NQLW7uwUC7gwMC2gjxANGME8iDJmTRJRPIiuw9odkW9N2a6xbDbrZgi4X73YjEMQF2tIJBzIAgwcUCsz2brFeDGBIJlrhJJBg8CfDIjrMyB2xqDpr2mbvNuxbhXYCQRsZnM+JFjlpP0hhZAFnpmtf4KLNbm+WZA4O1gk2mMxyssoI4z8KxOqj2P07XNXZVW2sWMN+adrZHy+NdJ7S7GZNNJJBUAgbbYgnDBCPrlgBJ3TvgYPh5x7M6s2NTauhdxVx4fPdKkD18Vdi03aFvWIUNtliJDbZUwSCuSZxzH6xUcm9w8J059p7ZwSFx4cCZ+luO5hnrB/Rtw7qtIu4Ss4BKzE58SyJgHgHmCOuKt10VzTEqVBWYG4AggDPhaCRkAkdT6zUa5zBP1efPnJ9T86zWkIN6BwdhmSFhTvkndCmSQCV3ECYnniToVEqCYzk8dRngn09/xp7Q25tgZ5JJE4HrOPL41KsaYuwKnrM9ORBn6vmPdipq5rTP8Atb2eyzcSQqqAyCdpAZtpAP0WUbpjkD5O9horW1JAM5rQ9oaMuIYiCox8845mSKz/AGDZKKF9/wCk0/isNfpN7YSEAAgdYFM3NKypaJK8gYPMxVh2jpxcthWwJB9+CIPpmoNrsO1b2EXHbb9AM07R5D87qJMwCYij1ru/Flq7fhEgfKs9rW8aooliwgeec1odQ0/CqPRWt2pJP1UP6h+ul9LPxRfhF0UraZmJdnkLMgLtzA4ADQJ61gr9gqOPua6F7V3hd1JJJhVCSsHqWYicfWI+HwrLdqWwQ3Ty6+XXzx/yrp4+pHDy3eVZY9fhUK8M1bdzkxTF3Sw2RkfeK3jNCs2GZkAG3cQoPA55nAifOrXU2yu0M125cba1slfpD6Kjc5M2zt8JkyF+jmmbBh1O1Ttjkcw27Mznp7scYqZ2pqu8tsjBXdthDb9q2woYLbUBu74mQ3ix50quVV9u6cJGEk5DK4YsMH8oOQ/iiSAGgwIAqmCirPU6gm0LRVfC24NHi4jaWGCOOfIZjFQBbn7++nD2j7ad0rBXBMkDODtOOIPTOaVZsljCiSTAHnNO6Ox+UKk7Cs887hwvIzPxoOUy1sFJLidxG3JbgHdPEZjmhSzpHKFgpIDlZAnJEx7oH3mhS2pce3HaJ1Ouv3iAu9gQAZwEVVM9ZAB+NU6CeB7qsvafS27ervJaJNtWhCeSsCDwJnngVCsRI6ZFE8Ra7V7S6G9YtagOURbimQiMO9ZyVAa4R4tqljtxwcZLBjs0z2TqbJQbkCvIIkjfbYYjABUn9XBq+12huXNCz6i931xUe4qsqW+7gNLYUs/DATCt4YjDDNaXtM/itxQw8YZWUgyQVthSDEDI8+vqDXPtdZ7sdW722VDbg6kbfpSDIiOtdH0a3wvfOSjIwDsxBaYjc3VlAMROCTjk1kfZWyBqbMxHeJOYwWAifX7xzXW7PZtprYUqGBiZO6SBHJ+P2nqajOnjFZe/L6cEXg/9GCSobcCDEEqQSD5HkGsneutgHHhGIjq2Bj1q/wBf2KLJLK0rOJI3cZkRnM8Dg8DmoFzTg59I9/xrPyqWPZa7rQYCCTBC8g8BsDwg8Z9cxVhZsyBEdOeOfCYnOP2TzTXYlkbFlsZI8UZDHn5cipttRPM5/bSvqonWrbx4jH83AGcQcGfPNVOq0uxj6kn581oWAGZqp7XugqdpBIn1+FOelFPr7QeBtLYiJwaiHs4DmwVA6hpH2RBpNr2itjFwhCOuYP7KVf8AazTcd6Pk32Yq9VpjnP6Gp1YUfCPgP7pqp7Kc3GuMsYgcSD1MmRgYkCZqFqe0n1dzZYWF4LkZjqVH6zT+v7eTs1EtLZ3lxiGCgbfpEmCZJaaMYjky2garSMhwsn7Ps+/6Kp9donjg5xx7qutD7WWbrTctMvHDbh7zgH5Vea/Q71VwQysPDt4I5gAdc++T5zW06ct7c1t6Iq0xn7n4HFM6vTkmevuj4+/161rtTo9rD0Iqr1+nlgfP5D0HpWkqPjN3dKQOR5xMmD7vjjmmbencltltmnkKDxDH1/NmOu2r7VaItwOBxMwILGI6RJ64zNFY7IvMrhWKBUtyWJUOLjN3e0E+JWYEArIwScSQ9xUjJ6m0dm6PCYAOBJ6+/j7moLHIgRHlPz99aP2g0aIgAnfiQSSIJI8PhjlZOfrDyMUVu3LKPP8AvFOUzOmU5iZ4AGSSQYgcnjp5j0oanSst10kFlJkqdwMCSQRzRL4SfQ/opy0dz5kk9ILSSMYBnyzzTXB6e8WQ2mnuw2+A4U7yAs+IxwvQeUniipnUpDtI4ZhgQJkzAPA9KFIJftHadNXqFfDC9dDDGD3jHkYNRLak4H3mrP20uBu0NWViDqL0RwfyjZ+/99Qezv4y3PG9Z/rCieFXoGw4fTakeMgae9tuPtXvQlo2yqKuBbSF95YHkScp2W5/FLg7skgmHCyApCBlYnEeFTjIaDiQa6D25pNRd0zQ6iLTM0qDuJtODbUziQx8ccN8sj2VfS3or9pkJa4zAMOkLawZ6SZ9c+lc216VXZUm7bjnekQJM7hEA4J9DzXQtBq227luMX2/R2AL5tPTEjI/O+AxXYdpe9tzn8pb46+NePX+6ui6DR2mnkkZIM5iIPmSNo+Q9Kzyq5Fdd1PfDx8nqMYHAjM8k1G1Cwse7nnkj7+mKlajTbm3LgGY585HMdKZ1tohTPMDr6ieRWW+2knSz7JJFkHzJAxOZMdccfYKj9s9qLZAJyzEx8OSfmKl9jLutAAnM/DJ8+tcn9pPaE3r7NMAEoq5wqnBPqcnk9ekVpx4fqs88vzGt1HtQ5aZ5p/sLtAu7TwePhz+kVzJu0jxOKsfZ72jazcP1lIYkcGVVmWD0M4/pegrpy4+umUz77brtTsa3cfIicg0yfZOzEtJI9eaZ0vtbpNQFHeC3c/NueGfc30T859Kt+8JET9+awv6nrpkxodmaVLSHaAP2VgfwmHNozxuEecwZ+G37RXRD4UA9K4z7bdsd/qW2/Qtyi+pnxt88f0Z61fFN3aeXrHSJp9TBrrHsvqGuaFTPDMmDzGf0NHwritq9Ws9mva27phsw1smdpwQYyVbp7jI9K3yxcrWdqEgz8fnn9lRNVpPyiKYA3AEyMAnk5xH6qmX9Wt9RcUyGAPqDEQfXEU52hpRFs7uYjyGSPPAEHHpSjLdRdM+mttmSBzCEwRPi+kQU3bTIzA8+aO721eDutndJUISsg7VuXGMZBALXDznxciYq3u6NUZW3EDgwRuEgyPfGQYIEiq7VBEueA7sAbmXEBnk+IlkAXbAk4AkzIBMZ6v/AC5a0yfaGoLW4KR1Vs8BmkZ/0jzz4ffVVacK6E7oB8UAExJB2g4OPOtV23ee7JuFSVkSBE+InHpk8AfpqksIq3ElggPLld+0Zzt6j4VpoY1TG2DcInG6Jj15joKJbPig5Exjy/Rx61OIU3X3HaCWMwScEmAAYk8Z88kCTTfceOPoyyebYbIYBRmJHGc4BpNEVykkeOMQIHlmYajo9SASSBgQM7fLHAAPB6e/NCg9h25cLai8Tybt0/O4x5ouzT+UT+cv6aT20R+MXoEDvbkDgAb2ge6kdnn8on85fLz9cUfCseok7SA0t0wbgAuBmTZH0SSw8XiWd0Hn0nJ5y9ybTEzHuJEypImImIPMgDgyCNFprgTTs0tG1wNveid2+GLQRclpYmD9JB1zk9FrZ0t5SMfSHiUQZQTtyT9URx1kETXLMWlqZ2PqPytvP10z5eIZrb6bXyxMhVHukgERHTEeeYNc27KM3EHm6/8AqFb/ALQvLZ0+64fCqkhh0h2AXnJJIAHSfWRHJj2eNWOp7TCg3DcCqAJZygycbZOGb5H0msl217a2o22lLnHiPgXDA/zm46xzzWF7Z7cuah9znAEKo4UfrPr+qAKt9RWmPDPai8lvjT6z2x1bLsW+1tOgt+DrP0l8f21mruo+fv8An76jvdqO1zNb446R3fUk3qPT6za6sTG1lbmOCDz8KiO1NkVpINLnSdoNYa4inO4Lyy/QYypCkbkOQUODieKldh+1N/SkAMXtjm2xlY/0Tyh92PMGqXW/TDfnqjTkySAHj3OHHwNITIzzU2S+qlsbPtD28u6hmVQLFqCTE3Hj6KS2Bt3MsqAJGJznE6+0qvtRiywImAciYO0kSODBOZ8qmWvDbb/SZVHuXxMPmbf3iol23Txkx8Fyt9MqalWHqNxSg9FqVrpNaymVYg+hIrQ6P2jumBcIYCOgBgcQRWMW5UrT36nSbHTjqLNy2rW/pbzIbJ2lTAMyAcGI+c1Wai/bVmAJKwoE4+i2GxkkDjiJ6QKzvZmvKsCDkGRWrtizfYMytBVRyWMiBBxkAYxHSIxROmdZfWgFWIOZ4HlImPh59BVMtsFkBIHqZgCTzAJ+Wa0vamj2qzWzg4iCMbscz+b0J+iQTzNFYsy9sE7ZOZBPUiIAzOKsY1V90WvMFByxwP53GeKRbSHGQMgbsQMxunyHMjyqRbtFrxB5LGQdv52QZIHpEikX/E/SJH6+oyT9poaRbaBVW/eKohK7V8VxrSqY/KBSoiN68eQBHWhROqpqbgS2+oG1CuQtwKVDDftDLuEgNGJGDzR1K9sjrbxe47sILMzEeRLEkfM0NM0MOmRnyzTnbQA1F4DgXbke7e1MWfpD3j9NP4d9d102nvNuNwgs5MkyNoIYQAIAOScyAS0qxrMWtMw0l1xBCm3P9J1Hv+/z3Wj1kM0JvgkwYgRJafMRnGRE9Kw2m1H8A1Czz3HvP5RZ+UTXHjavOQ32Jem9Z/1lvH9MfOl+3HtD3tw2rZ/I2zgdHeIZpHQfREYxPUVTWNSUllMEZB8iMg/Oqa9craYze2W+tCa9TPfVGv3cN7jWl9o+2rlrWaq1bXTqlvUXraL+KaQ7US66qJaySYAHJrU5Gfa7SWerD/pLf/k/9j0f7mjPtLqP5P8A2PR/uaD0gb6AarBfaO//ACf+x6P9xSh7RX/5P/Y9H+4o2XSM0G0jDkMUOehh1kep7z3x6UwGiPhVzoe3b7h1/g87Cy/wTSDKQ5wLOfALg+IprTduah3VPyHiYL/iejMSYmO56UGY1bwttZ+oGPvfx4/oFPl7qY3c4qdqPaa8zsw7iCTE6TRmF+qJNnMCB8KSfaO/H/Yf2TR5/wD4UBWXDSC3rVqfaC//ACf+x6P9xTZ9pL/8n/sej/cUbGld3lLt3anf9JL/APJ/7Hov3NStN2m9+xqxcWydlhLildPp7TK343pLchrVtW+hccRPWgaR7F+IrVezXa4RwGEqxEz0PnPQeZrC2bpmrCxqaTPKOj9tWW7tjz544O8fCevlBwZxWW0isL1pwRKuCDjBBkHOOlaC5rt+l7zcJe2IG5eRcXf4fg3PMSJrP9nOGv2pPNxeeMkDNVPGMlisOl/hLKSoIcgkztnfBmATt9w4pHaWnNu9EgldpEYIhpg9QwMSP7qtrKqnaLKSCq6hlkrggXonbIxyYn40x25p3N8Lv3H6AaRH8awBnIUTnM+tDUxe1jDUM1wsH7tEO1QsbVVQsSMAKOc0KZ1x3XTICHashcgQBjxMTPGCZBmYOKFB7ZntVAL10AAAXLgAAgAB2AAA4HpUYVM7QUm7cnne8+/cZqOUo+L327RpxeuP+YN3Tnms3fb+DXgAMNbnOR4iIA6iY+Q9x2nZZJS2zRuKIzRxuKgtHxmsRq0K2tZMfxyICeY3u2PLKD5fLj4ru1ryTUUOru7Ugcn9HNVbvT2tvZjyEff41AL11RjITfbB9xrSdq6H8Y7av6fds73X3be6N23fqHXdtkTE8SKzLqSpPQCtlZ/6yf8A5Rv+Kairau9+BM5VO0rbXAJ2NZ2/OLrEDjMGuZ6nsu7b1B0rrF0XBaI6biwUZHIyDPlXd9T7P6k+0S60WyNMtja1yVAJ7tl2xM8kdIxXPUe3rfaVWtMHttqlYMOCLKBiwI5E2jB6is8Mr9vw9HPbP8Fjdn6R9T+Ni8FZFK9zsw7BA27vG6kYiq/2C9hf8Jreb8ZFgWSgza7ydwYzPeLtA2/bXWPajUfjmh7Ysxu7hiFAk/xVixfHx7wNj0rLfgRt/wAG7QAEyEgDM+C9EUTK/ktds/7Sfg7u9n2hrLd9NXZQg3NqlGCyFOAzgqfokgyJmOYxdq0yPciT3YdQRyxaLSFY5k3FYAcges11f2b0NzTezWtXUW3tErfIW4pVvEltFO1hIlweR6+tU3ZnY7FLVl3B/K2WnbnwXAdv80hgDMztHFVjl/RT2j/A25RO+11uzecEi13W/IElQ3ervI6wuPWscPZHUf4Q/wAHQvfb9s52bdofvJjC7CG+zmuk/hN02oftrQtprLXrlm0t/uwypKpfO4bmIAnAPv4NN9g62/e9o1fUab8WuHSsO7LrcgBYDblxn9VTMrrZldjfgpFl3/hlnUMqjdYaxbI3H6M941zZ1g7QT5xIOZ7I/B8vaGt1lq1fXTrp+64t94Czqd6gb12hXV8ZjAxFav2B/wCsXafuufZctRTf4G/8d7X/ANYP/d1NH6slGmX9pPwU3dPp31NjVW9UlsFnCpsYKBLMsOwaBkiQYn3HH9iH8jrv9lT/AI7Q10n8C4nsrtIdNrY6Z05nFc07A/iNb/sqf8doqrG3uUK8NTtq7UaaUGq0N52Fq92lcDpvUiOko/I6cHPVR7w17OOn47pt5ATvkLEmABuEmenv6VVeymoEXrZzNsuPesfqP2Gn+zLhGqsEAGLqYMwfEMHaCY9wJ9DR8Za7WVy4v+F7hG0p+OuwC5BUamYAHoOlT/a4t39phbKfTKYAL/wu64Mc/Sbr/wA87euD8edsQbztgeGGYtIBnwkHAPQ5q49rnQ3bRQMV7o/STYp/KuTt3CGTMTEcL0ij+K/pnXWJ1DbrUyu6IZeog4/vGeaFT+27zP2he71UR4JYQ3Mqc7WB3QfOPfg0dCKwvb9uNVfH/m3Ptc4qvurg+6rb2qUDWX4MzcZuhyx3HI99VN1sH3U55Gt9ekeyNANiMcyqn5qK5Z7V6oAapRz+Nz8jqv7q632UfyNrn+Lt/wDoFcL9sjGq1A/8+8f/AN2P664P/P3nk6efrGM9caop5qWxFRWwa7o54cDkI48x+if21r7I/wDmMf8A1Rv+KasYxkH3GtH272g2n7X1F9QC1nXXrihp2krfdgDGYkdKVU7NqPaLUr7RJohcnTvZk2yFw3du+4NEzK+fU1Q+yfZKL7TasIgVLK3LgAGA1xbQMe/vXx+ysKfbu/c7RXtIpaF5V2hQH7sjYyZG7d9YnnoKtex/b3UW9XqNWtuz3upCB5FwquwBZQb5kwCZJ46VnOOz/gtjq3stodJ3uuFnXJqW1TF7iK6N3YO9Y8BmIcLJ/NFZn8C9prVjXD6ybOn1lW7yPeKwvst7QXOz7pu2QhJTuyrglYJUz4WBmVHzNWfYftje0x1Jtpa/hDM7gq5ALFztSHEDxnmeBVf472n9RV+1HtXrddbFu/dBt/S2IoRSQMFoy0c5MTnmt12aIdGaABdUycCJXMnHQf8AOuZPA+FV3aOoJXaXYr+bubbwBMTEwAPcBVfiVMu67R7cvqU7d7OewHAdUtXGVZBt/jG68hJBAGyCeDFGzj/pSMj/ABWPjs3R74M/GsR2f+F/tC1aFpls3So2i5cR95jA3bXAY+sD1msrd9oNQdV+Od6RqN+/eAOYiI427fDHlis5x3TW1132G0lxfaDtN2RlUhoYggHdctssHrIBPwqJ+Bv/AB3tj/WD/wB3U1mtZ+GDX3bZthbFskQbiI+8Y5Xc5Cn4GqH2O9sr3ZjXjYS0/ehA3eBz9DcRG1h+eZmeKPxlZS3G5/BFp3s9ldpNcRkG1yN6lZ26czEjIFcy7EH5HW/7Kg+Wu0PTpWh9qPwm63W2WsubVu24hhaVgWXqpZmJ2nqBE8cVnexP4nXf7Kn/AB2hq8cbN2jaqePX3/qFJFG2aUi9fL5VZJXZGq7q6rdMq381wVb7DPwrS27EauyBg71iZ53Y4z9+tZCtTo9cWu6dwCXG2QM+IEyfLME+UfOkmo+rBGruAmSruCY/NkevlU/2j1G8oSoA7oHwwJkkz1EwQOOnFVrX9+rd2P0rl1vTO8jyxx7oqf25YgLH/h4MCZkjMc8Y+AxFPSac7a1E6u60GD08EzCzO5QJ+31b6RFMds7RfcjgxAwYEDHEGOJGDE5mhRJ0m+qj2o1S3dXeuJ9Fnke6B9/281T3WxQv3Mmo5aieaa6d60PtvpBZ0+/UKjG1bDKN77TtUCQB4fnXMfbfVo2pud3cDobjuGgDduYnoTIBLKD1AB8gM/ZIgSYxn+7zpOsIkQZERifM+fz+NY4cWOFtn1plncuqQ1ykM1JNJrVOhlq1/tD2ZZ1Gr1F9O0NGEu37t1QzXg217jOu4dzgwRisc1A0G0idgIP+8dD/AF737mpFrslVj/4hoT/9y9+4rKpmnbb0DTXjs5T/AJdov6979zT1vQoP8t0f9e9+5rIrdo++NPaPy1F/QKf8u0XxuXv3NQbvYqH/ALw0P+8vfuaomuUy7Uj1Ivx2Cn+cND/XvfuaUexE/wA4aH/eXv3NZ0GgrUdn00S9iJ/nDQ/7y9+5oj2Gn+cND/vL37mqEGi3UbHS/PYSf5w0P9e9+5p1NLb09jVzrNNda7ZS0iWmuMxYanTXSTutqAAtp8z5VmiaQTQOiw1KD0yKE0Efa5P2foqTpdUViJBBPWOY8s+dQA1PWjz9/T9dEFTFvMGD9Zny/R76kXteXI38KsDr1JHPmTn7iq2aNTmqRFla1e0SCATzgH9I5k/ooVWzQpHpFuGm6f1awx8qj0NIs7JhZBBkAEEcY5j4c/tNMdoLDnjzxMe/NSbGl32xBiPTHlJI4iefKovaHIxBjPHzx9+vWpBp7ZABxBEjIPpmOPjSJ9KTNHTAGhNCioA1NKBpApQNIHA1KJpkGlA0AZoGlNEDmcz5ekUgmmBijFIpaUgNWiiJoUcfH3GmCZojS7TjgiZ/5c0iggBoE0AKFACnbDAESCR1AMH5wY+VNUuwhZgPM0AsGlCnQrIp/wBIR6/SGPTK/H3Uzuqk2DahSZoUgRrFAYx9nHuH3+fNRhTt1hTa1K4vtBdGxPF4lIiZBXPIHDL5mceXnH7WUNBXJAIIxPUyQPifcQSTk0xotLv+X5yCT0A3MN3TAzStZpNhZSYIMQQQRzyCAZHu/SKDVxoqMiipguaKaKhQANKFJoA0EUaNTSCaPdSGijQJot1CaCKFL6fb+r9tIBot1BlUagZkx88+mKTNCgAGowaKgKAM0C00VCmQVJ0KjcC07ARuPkCYkeZz/cajVvuw/ZQX+y3uok3txz1BUErbGJErnMKd65kAordCM22rtswJhVAXwlfLaG+hyTtOTEliYEmoOttBWPiRusowI93A/RRKwXdwcbeAceYB4Pr0n3U2pXy56Z+zP6aYImhSrlsj09/PpihT2nSPcQjBBHvpFOX2JOTNN1LRO0997YV1YqZYAq0MDtAaIMqCGieufIwemvmAhAImBuiBJEkbsLxzI9TFM6MZJhT0zxn3GR5/Cn9Tt+zAHqMbjEEiBJjOaAZ1Q9ACDmI/QPj9+YtOA0TLTIilIsmk07p7uxpgHBEMARkEcHrnB6GDQZWpshThtw4nifgcj40xUjUXp8smTgDPGMY+H6hUegBQoUKAFKBohQNAHuogaKhQCt1Kmm6OaRaLU1odd2WndObaNNpUc3IYrdD7JHEKRvkR9VWmSJrNg1OHbF7ujY7w90fqwPMGAYkCVGAYxQESaFFNAGgHLcSJmJzHMdYnrWp9ju1xbum1cIaxcBDWyTkkFVH1ZJlQciREmFisnNKt3CDIj4gEY8wcH3GnroNd7d9i9zcW5bRVt3QCO7nYeIZNyqQGzAgzBIZskZa1akwZH7fL0q7ve0dy+jWr10i2zm4dqLPeGDMcASOhHJ+Ffp7iqBuVWyCZDGIxEbgMg9QelKAxe0xAUxyJ4PnHXnIORihU228yyG5CgL4tlyJ3bR4oC4XHPWhRslPdtkfKev66HdHyqWt4+fQ+XlSQ5Mz6/ooULQrBJKBwFyDuAz1lSDPln58UV65v4GJMDJiegJNBLhVseSjIBwQvnTiX2OCfvNAQ6FB2JM0KZCIpNKNJoMKFChSAUcUVGaAFFQoUwFChQoAUZiioUAKFChQEmzonYgAZMETiQYg+7NL/ABMldykGACR1yYgDljGTHFMbjjPAx6ZJgfGkFiaQSLKLBLscQAAJJmczwAIHrkQOSI80U0VMHQ1KFzM80m1yPv0peouEnNBaLfVEgAYAnAHnEn7B8hR1FoUB/9k=', '', ' Eminem'),
(18, 21, 8, 2010, 'I\'m not afraid ', 4, 256, '', 'data:image/jpeg;base64,/9j/4AAQSkZJRgABAQAAAQABAAD/2wCEAAkGBxISEhUSEhIVFhUVGBUVFRgYFRYVFRcVFRUXFxYWFhUYHSggGBolHRcVITEhJSkrLi4vFx8zODMvNygtLisBCgoKDg0OGhAQGi0fIB0tLS0tLS0tLS0vLS0tLS0tLSstKy0tLS0rLS0rLi0tKy0uLS0rKy0tLS0tLS0tLS0tLf/AABEIAOEA4QMBIgACEQEDEQH/xAAcAAAABwEBAAAAAAAAAAAAAAAAAgMEBQYHAQj/xABREAACAQIDAwgECAsECQQDAAABAgMAEQQSIQUGMQcTIkFRYXGBFDKRoSNCcnOCsbLBCBUkMzRSYrPR0vBUkpThJUNTdIOToqPCF1Vj8RY1RP/EABgBAQEBAQEAAAAAAAAAAAAAAAABAgME/8QAKxEAAgIBAgQEBgMAAAAAAAAAAAECEQMhMQQSQVETFEKRImGBobHwMmLh/9oADAMBAAIRAxEAPwDb6FCiyPlBJ4AE+ygML5dd8C0v4viboRZWnt8aQi6oe5QQ3iw/VrHrFjUniZWxMzzyG7TO8h+mxP31cd2NnRIQ2W7acdfZXKeRRO2LC5lY2Xuji5xeOFrdp0v7as+zeSnGOLyBE8WufYK1PZJudOFhVigQWArmskpHWWOMTLsByTEevMB4Lew9tNN4OTx4FzoRIuuay5WA6tCTetnEYppjocykUaZFI834jY9tAuvnw6qkNyNrybOxiTahCQky9TRE6k3619YHu7zWkbR2YpUiwvc3t2HXT+uqqVvHsrIubr+NYez+vKkZsTimj0QjAgEG4OoI4EdRFGqr8me0ef2bh2JuUUxH/hMVH/SF9tWmvTZ5KOWoV2hQUcrlGNctVFHKBoVyhAUWjUU0AU1D717cGBwsmKZC4jyXUEKTnkSPieFs1/KpmoPfDYJx+ElwgkEZk5vplc4GSRJPVuL3yW49dGUqT8qLh4YzsybNiAjQDno/hBJ6hU2trccbWvrSMXKwXjklXZ0xjhKiVudj6GY2W4tfiOoVDy7uSplx/p/OegyJgo4xgy9pI2XCqEjOI1u7BuIuTe3VSa7u5ImiXHKU2rzcwtgn0zYiNVCg4gZcr4hLgg2APZSyk8OVJi0SDZ0padc8KieIl0IJBAA00B42NFPKi3ww/F0n5P8An/h4hzfSy639bpadG+tu0VDYzdxsNzGKONXNgWODjy4OR2Ywxu5bL6TqFTnHuMvqnQniXaO5RbGy4d8evO48B2IwT82ueU4lFDc/0WY4WSwN9EbgbVAS6cqpPM22fL+UG0Pwsfwh5zm7Lp+v0dbVP7lb5LtEzBYWiMPN3zOGvnz9gFrZD7aouE3f51Y2XGAfil8wBwLKWHpBBcn0i0ic5h5NQQdG7quHJ5ux6Is2IEodcWVZVETRBBG0nDNI5IOfS5vYd9AXG9CuXoUISlR+8L5cLiCOqGU+yNqR3h2x6MqHLcyOIx2AlS1z5KaNJNzsLo1vhEZdP2lI19tZ5ldG+R1Z5Gif1bdQH1Ved3JS1u3rqhqpXQixFgfEVa91ccAxv/X9WrjmVo9PDypmubHexSrZhmvVMgYfBkcLBvfr93tq0bPl6PGuON9DrlXUlQaTlOhphPtaKM5XcZuy4vSg2hGwuL+yurZwoh5tlOWLGxHieHb41WNu4K6spBN+jfja/AjzHhrWho19aqW8MFpLE2DcCOIPh5H31g2H5FJrQ4mAm/Nyq48JEA4eMbVpFZzuXsWXAyTYmV1PPJGuRVJN0Z2BPfZ7WtV82fjVlTMNNSCDoQRXohNPQ884NW+g6oUKFdDmChQoUBw0WjGuUIcoprprhqkOGuRcRQNU3lbJGycSQSD8BqDY/pMXXQpEYTB4lMDiM+HlzNjcHjAixuXKGfDSSWS1yw5tyQOBp9hdhzgbEzRMDErLOLX5sc2sq5yNF+EhjHjpWZ4KXBAI0pjYDmCwEzmRh6FI04IEnrc+IgNVNyRwppB6NzTkvHnMKtGGnewf0WLODka+fnOesD8a2nAVCms7cw064XEmPDzNL6bJLCyKecjYJeKZUt8IhcKhGgKyNc2BpTaGAxDbXw0pgfKRhndwLxIYYdopIpfqObERWHXfuNZDJLhvSYFDJzQlxOcmWQKU5+TmecYNcJkEeot0Tc9tP1OzxEDnTnObwhsJpSDIZ29IBzNf1OPYAvC96A0DdrYsyjaaSQy2mily5kbUtitoWSM24ZWjfKP9rf41XDZmH5vCYWMgqUhjUg8QRGoIN+usN53A5JCWjzBLxASsbyekz3VhnvbmhFa9uI43vVq5IJQZ9pZD8GJI+bsSVCZ8Rkykk6ZbUBpt6FFoVSBN89nmfBzInrhecj+cjIdB5lbedQO522efw6ONbgXq1bdnKYad1NikUrDxVGI+qsU5I9pEIIzfqrhk01PVg1Tj9Ss8rGx1wu0GKjoTLzqgcASSHH94E/SqtYHFFTmsfGtE5dEOfCv1lZlv1etG1vHX31mMWGLHVredVU1qYtqWhpWxN6Ek5qK9m6SnwYC2lWXbJxcaHLJzaW1YAs2umgrGNj/B4qE34SJfwzCvUMSLLGtwNQPdXCWOnoemOW46owPEyTc4TFnldCLM2dixPXYcR3a1pG5b7QkUGfIBewTJl6IVTfgCOlnFiBw4nrk8XuwivntmB672PnVi2aiKoCi3v99aXYkmt0OEjtUVtvB5mik/Vkjv4FwPrtU1IbCo3FPcgd4+upIxEMdpIj5JBlLDQk6d4A7eFSexYrc4w4M1x5KBUZtXBriE5th1qQbcLG+h7TqKm9lRZIwB5eHAVvGnzDI0oabse0KLQvXoPIGoVwGhegAa5QvQoDhrldopqkYSm+OwccyGOaNJEa2ZHUOhsQRdWBBsQD5CnBojGhCDO6Ozv/b8H/hof5aKd0dnf2DCf4aH+Wps0U0KQrbpbO/sGE/w0P8ALRTuns/+wYT/AA0P8tTRohNUEKd1Nn/2DCf4aH+WnWz9lYfD5uYgiizWzc3GkebLe2bKBe1zx7TTw0UmoDtCi12gGXKVjhDsvGOTa8Lxr8qUc2tvNhWB7m7R5rpDSxF/C9aj+EFiCuAhQH18QgYdoWORre0KfKs93e2PB6Oz4gvApFullN2+K0Vtb3+Kw864Ztj1cLpK2WXluQNg8I3WJXN+5o1v9Q9hrK9nxaE1u+9eyWx+zDFGAZAqPHfS7IOHddSw86wbCylbgix4WPEHvFE7iTlSmNyx5wWFzmFvG9end3ZicPGTxyg+0CvNuBlCTI5IFje54afVW0bA3lM8LR4SSIvxXPewuR6yCx/rjWZ7o6Y1o18y7Ty9R/8AsVyGw4U1wsbsimbKJOvL6o8L06WKsaldLQUaSmrNa7dlz7KXKWpviVuCO0Ee0WqMiHmDkWS3NnNmANxqAD11NKtgAOrT2VH7CwoigRFFgL/aNPq9OONI8+SVsODQzUW9C9bOQoGoZqTvXaAODXaIpowNCnaITXSaIaEZyitQzVw1QENFNdNFNEDjUQ0ZqTJqsBWNEJoMaKTUB29Ci3oVQZvy67VQS4WE65A8xXvYhEP/AEv7ay3HbUkmZdb5TcDqBFON99sHGY2fEEmzsRGD8WJeig7jYXI6ixqAV2HA2rk1bOkZUbxupvfGYUi/1mihesnxrO+Vjd4YPGBkB5vEqZhfUCQsedUHsBIPg4pvuXtQYWVcTM4IXRU9ZiT124KB2+6rbvnvNgtqpBhryIySAhwqtoylSLk6DUHyFcYPlbTPVkjz047syUgtV83Hx2HgVSZckqvme9gCn6oP3VzfLk+fBQc/HLzsJZcxIyyJm0F7aMLkC4txGlRm7DrBd2VCSLC/EX00NanTRMC5Z6myYfeqN7ZIZ2U/HEZK/wCflpU3g8cW0ZGU/tAC/vqk7ubZmdAFhOUcD1e21WuKV2tdSPGuSkdMkUtiQmlpjzmZwB4nwpLF4jINdT1DvoYG9ix4nU/wo3bOeyKDtvlExezdqTRH4bDHm25ptCoaNcxif4pvc2Nx4XvWr7tbyYbHwibDvmHBlOjo36rr1H3HqvWCcssH5akltHiX+8jMD7ilV3dLeWfZ86zwm/VIhNlkS+qt9x6jXqg7SPJNU2eswa7UVsHbMOMgTEQNdHFx2qfjKw6mB0NSANaMit6FEzUCaAPRg1J3oA0ApfWik1wGisaA5XL0DRTVBw0U10mimgOGkmo5pMmqAjGiE0ZjSZNQHb1yi12gPKYudafQbOZlzjhTJTTuPHyBcoOlc3Z1jXUXi2POzACM6gkHqsOOtSuC3bmQiVsqovSLlgAAO01Dtj5mFixtV33GxkEassuIuJBZo2UOlu/MDXKbaR6McU3a6CG+e/cU2DGDiJdiU5x/iBUIYAE+sSQO6qpsQAyrnN1uK12XB7MaxbC4VkYesEjB8OiAQahZ91tlIc8c8sea4Chw6gkaEZhfTjx8b1FONUOWfNY72btbmZiuboZQV/r+uFWb/wDJIQt8wJ6gON/CqQuxIFtbHM/dzKEn+6RU3svYyoOfVs6DRgUKsvfY1yutEdmr1ZJw5pWzsLDqHdUu8gC2pCGZSNKb46fTSrsc3qyg8rsYeKKTrSQr9F1196rWX1ofKRirxpH35vZes+tXoxP4TzZlUi78le+foGI5uU/k05Ak10jfgJR3cA3dr8WvRgYca8eWrZORzfktl2diG1AIwzniVUX5pvAA5T2C3UL9TkbDehekw1dzUApeug0nmrt6EFL1wmiXrt6FBeimga4TQhw0Qmuk0QmtABNJGjk0mxoAjGkyaMxpJjUB29Ci3oUB5gRBU3u3DGz/AApsLaaaXqLXCm9vup3BgpOAU++uMj0RtMuX4lw0nWo7OFR2P2BChss2p6gL8a7svY8rLfhwNdl2HMpzA3765M9CrqPsBuPO0fRe4ax6xbya1JbW3PlhUXEr9nNxtLqP1ubuV86f4LaU0YGc3XS+UjN7L1Yl24VX1tDwzWUjxvUV9SydbMoOD2Uy3LJiOAv+TTg+V0q07O22IYTGRJc6DOjJoe3NQfeJw9llRr62zqfLQ+FO8BteYuOeK5WOqtbgfE/dUt9jS1W45jxykD6uNDF4jNp/XjUG2KQ4yWOH1FOljoDYZgO4G48qkxwLd1c2+grqUTfoZpF8KpbDWtJ3g2aTFJiHGgtHHf4zMbMw7gtx4k9lZ2IizEAfwAvxJ6hXrxfxPHmrmE44yxsBcngKk9m7Vkw7xNCV+Bk51Wyg5pCoW56yoAsB3k9ejZQMpVTqfWPbbqHYvvPXbgE66o4tGz7u8rsT2TGRmJv9ol3j819ZffWjYDaEU6CSGRZEPxlYMPDTge6vKOan+yNsz4V+cglaNu46HuYcGHcatE1R6pBroNZZutysxvZMauRuHOICUPyk4r5XrSsHjI5VDxOrqeBUgj2ipQsdXoZqIDRgaFBeuE1y9cvQgDRCa6TSZNVADGkyaMTSV6oCk0kxo7GkmNQAvXaJehQGJbk7TTFY7DYebDoVkkCsbsDaxPUe6t7i3LwC+rhwPpyfzV535M4j+NcEf/mH2Wr1RWFFG3KXUwLlQx2J2fiTBEirHIM8UmrEqdGWx0DKdNb6FT11RdmzPi8Zho8S7SpJPAjKzEAq8qqwAFgtwTqLGvRHKhur+MMEyoPh4rywHrLAdKPwYXHjlPVXnbdQfl+D/wB6w3cR8OlVJIjbZ6C/9Jtjf2Mf86f+evM3N5iBbMSbAWuSSbAAdZ7q9nmsB5Ct21nxT4uRbrhrCO/DnnvZvorc+LqeqqQmNxuRiPIJdpXLGxECtlCjslddS3cpAHaerVIt38IoAGGhsBYXjVjbxYE0nvTt6PA4aTEy6hAAqji7sbIg7ySNerU9VVfd7eOfF4dJnbIzC5VCQovqAOs6HrqUVNljl3SwLHMMNEjfrRqI29q2v51EYrdlIje5ZDw6vJiP8qkdnbXYMFkNwdLniPPsqemiDKVYXBFjUcIt3RrxJLSyBl3YwmJhRZosy2BsHdRfLbTKR1E1Gnkr2QRb0TT56fj2+vxrPuUPe7HYSZsPDiHjykKLBT0VF7i4PEMns8at/IptzE4vDTvipmlZJgqlstwvNo1uiB1k1owSI5K9kD/+T/vT/wA9IY7ku2SsUjLhNVR2Hw0/EKSPj0ryubWnwuBEuHlaN+ejXMtr5SHuNQR1CsSO/u1G6LY6UqdCLR6g6EerQFVj1APcPqoXqSx8KqoAqNUXqlaDA1K7F2/icK2eCVkPWBqp7mU6EV3D7I6GZvHyqNZOkQO/3UsjRtu5PKWmJZYMUFilbRHGkbn9U39Rj1dR7tBWiA15TkitYdoB8iP43rbuSve04uE4eZrzwAWJOskXBWPaw0U/RPXRkL7euGuA0DUBw0Rq6TRDVQOXpFjR2NJMaoOE0ixo7UkxoDt6FEvQpQMJ5NWJ2rgvnh9hq9PbWNoJSDYiOSxGh9Q8DXmXk1AG1MH86PstXprbH5ib5uT7BrJSucmG9Y2jgkkY/DR2jnH7YGj+DCzeNx1Vne/26nou2cHioxaHFYvDk24JPzyFx9L1x35+yqfyXb0nZ+LR2PwMgWOcdQQ+rJ4odfAt216V2ns6LEoqyC4V4pkI6nidZEYHxUeIJHXQD01nPIRCF2c7Di2IkJ8lRR7gK0Y1lfIPtAczPhiekriZR2q6hWt4FBf5YoAfhBykYXCqOBxBJ+jE9vrNRe4kpSKEn1ZEA8GjAX3j6qufK5sB8Zs9hEuaWFhOiji2UFXUDrJRmsOsgVUNgxWwUB/Vuf8AqIoVFrlNXPBteNCeJVT7hVKwSGXKq8W93aT3Cryi2AA4AWHlQHnjlxjA2oxHxoISfG8i/Uoq6fg9n8lxX+8D9zHVC5VsXz+0J3BBVTGikfqqpQ6/LD+2r/8Ag/D8kxPz4/cx1SD7l2P+jV+fi+zJXnzPY3FeguXn/wDWD/eIvsvXnu1QHZpS3E1J7F2dn6beqvvPZRNk7IeZgANO08KvAwSLGI1AFhQ0kReIX4I+dVfBw5pcvasntyNarnEnQZToar+xsP8AlSdlz7CCKiNSQ0xqgsCOCoPqLfcPbS+521ThcbBMDYBwj98chCvfusb+KimeIYhFHWw18Lgf+Cn6VMnHG3GtGGerKF6abMxQlhikBuHRHv25lB++nN6hAGiE11jRCaqIEY0mxo7GkmNUBGNJMaO5pJqAF6FFvQoDDuTY/wClcF88PsNXp3a/5ib5uT7BryJgsZJDIssTlJEOZGFrqeFxfTrNTsu/21CpDY6YqQQQcliCNR6tZKVzDcB4D6q9Gcj+8XP4RcPI15IVAW/FohoP7ui+GWs+2VyNYyWGOXnoY+cRXyMHzKGUEK1ha4vT3F7qYvZCK4nGdiQjxZhlOgKnMOsE+yhUbpXlPdjeKXA4hMRFqUNmU8HjPrIT1X6j1EA62p/NvztVWKnHTafI/lp1uXyfT7SheaKaNAkhiIcMSSEVrjL1dMeyqQ33dreHD4+ETYd8w4Mp0eNrXKOvUfr4i4pXFbDw8l7xgX1OUlbk8TYHjWV7H5JcfhpVlhx8cbAi5TnFLKPinqYdxuK06LD40AAzRtpqSupPboBUA+wWAjhFo0C+0n2nWoXfHbRigkWBvhspAI1yXHH5XYP6Ks+BxrggzoL8MoK++16iMLu7I+cBksrGM3vqQBc8O+gMQjCNzYcEhkkQ9uaNrr52atW5B0Aw2KAvb0gcer4FKisdyQYl7hZ4AOcMi3DkgMLFTp3Cn273J1tPCBli2giKzZmCAgE2AubqeoAeVOhST5c1vs0fPxfU9YjszZDORcaHXyFa9vBurtWRMss3pMYbNlDDNcXscpUXOp4Xqp4WPIxuLWutiLEHsPfQqR2CFYUuBaw91R2GxpaS/iPKjbYxwsV4WI9lSe5O5s2NjaeN0RVfL082pABNrDquKhuxrONbjgajtn4YjEBj1X0/jWg4zcWeCCR2eNggLnLmzWHE6jsufKqbiIsgZutQfqNQaMojyXOvVf6/4WpI1NbnbuvtDEjDxuqMVd8zAlbJa/Dr1q7bQ5GsSiNJ6VDZEZiMr3OUEm3srZyJvkg2xzuEaBj0sO1h28292X2HOPIVezWV8hmyZZHmxCOojA5l0N8xYhXVgeGmo8zWwfi5u1ff/CoBixohNPzs1+1ff/Cm0+EddSNO0a1UQatSTGlGNIsaoCOaSc0dzSLmgBehRb0KWDzfU7uNsT03HYfDkXVnDSdnNR9N7+IGXxYVBVtH4Puw+jPjmHrfk8XgLPKR3E82PoGslNgmlVBdiFF1FzoLswVR5kgedQ++uy/SMHKgF2Uc4nbnTpADxF1+lVO5eNtNDhIYI2tJNKHv1hYLPf8A5nNVftgbSXFYaHELwljSTwLKCR5G48qA84be2aXXnU6gLgddahyA/oM/+8t+5hqF3j2Z6PiJ4rdEtnT5D6gDuGq/Rq08jUITC4gAWviGP/aiH3UNPuWfeTbowaxMYy/OyrCLECxZWOY36uj76Zz73IilmjNhx6Q/hTrejYzYpYQrKOblEpzX1AR1AFuu7D2VE4rdOV1K549R+1/ChBSDfiN9ViYjtvb3EVL7u4jnEkcC2aVjbsuFqvQboTqigvFdRbTOBp2XFTG5p+APy2+ytCCW+29I2dFHIYuc5yTm7Z8ljzbuDfKf1bedVPB8rgkUN6Ge8Ca5Gtv9nUnyv7MmxGGgWGJ5Ss6swRSxC824JNuA1rMtj7q7Qjcr6HPlzMFJQgWN7G5ogbzsLa8eKiEsdwOBB4qw4g28R7apXKhs1UMeIQWLnI9utgLq3jYEeQqw7hbGkwuGKy6O7mQrcHLcKoBI0v0b6dtRXKpjFEUUV+kzmS3YqqVv7XHsNCrcxveT84BqAQL2FzproK9Bbl7H9EwUEB9ZVu/X8I/SfXr1JHgBWS7s7F9L2jhri6Rjn3/4RGUeblB4XraNs43mIJJf1FJHyuCjzJAoWW45R0kXQhla47QRqCPrFefd/L4Z5sP1qSoPWUOqnzUitY5NMfzmGaInWJyPov0wfbn9lUfl+2TlMGLUaNeGT5QBeM+Yzj6IqDbQgeQ9/wDSKiw/MzG/XxX3Vu+2/wBHm+al+wawrkPjH4wVrm/NTC3UBdePfpW67b/R5vmpPsGqzJmf4PH6Lifnk/dLWqYiYILm/ZpWV/g8fouJ+eT90tabtX1PMffQHBtNOxh7KdxuGFwbiq6afbHk6RXqIv5j/wC/dQBNr4QL01Gh4jv7aiGNWjaCXjfwJ9mv3VVWNVEE3NIuaUekXqgF6FEvQqA86gE6AXJ0AHEk6ADvJr1ludsUYLBQYYWvGgzkdcjdKRvNi1efuSPYfpW0ori6QXxD9l4yObH98ofBTXpTG4pIo3lkYKkas7seCqouxPkDUKYnyv7Jx+Mx/wADhJ3hhjSNGWMlWY3d2U+LKv0KvHI7FiYsCcPioZImhkcJzikFo36YIv2MzjyFOv8A1Q2R/bB/ypv5KdbM5QNm4iVIIcUGkkOVFySLc2JtdlA4A0BE8qmAPNx4lRqh5t/ktqpPg2n06PyRj8ll+eP7uOrZtvZ4xGHlgP8ArEZb9hI6LeRsfKqxyUxMuEdXFmErBh2MFUEeVqFvQs+1toiBQxUtdsuht1E/dUVJvWoBPNNpr6wo++f5lPnB9lqqo1FAWCHfJHW4iYXH6w6wD99O9zPzB+W32VqmxYRUXKvDU8SePjVy3N/MN8432VoB9trbMGETnMQ+RSbXys2tr8FBNE2Ht/DYxS+GlDhbX0ZSL3tcMAeo+w1WuVxL4NR/8n/g1ZTuPvIdn4uORjaFyYZx1BGylZPFTc+GbtoQ3neXacmGgaaOMSFbXBJAAOmY2GoGmmnjWO7Xx8mIkaWVszHh1AC2iqOoCt0kRXUggFWBBHEEEWI8LVjm3NiNBiThgL5iOa/aVzZPP4p8KhqJbeSnZxWB52GsjZV+Ql+Hixb+6KccpnpDwRQwQySc5IDJkUtlRBfW3C7ZPYas+zMGsEUcS8EUL42Gp8zc+dQW0OUDZsErwy4oLJGcrrklazDiLqpFUl6lb5PMFioMW3OQSrHKhBLIwAZekpJPDTMPOrZv3sP03Az4cDplc0fzqdJPaQAe4mmo5Q9mEZhihbt5uX+SrLhp1kRZEIZXAZSOBVhcEeRqBmAchcg/GGUkg81Kctvk3v3jSt223+jTfNS/Yast2BsP0PeeRQLRzQzYiPstKVLjycPp2WrUtufo8/zUv2GqkMz/AAeP0XE/PJ+6WtN2r+b8x99Zl+DwPyXE/PJ+6WtTxcGdct7a37aAgDT3YydMnsFvMn/I0qNk9r+7/On+HgVBZf8AM+NAEx7Wjc/sn3i1VNzU5tzFC3Njxb7hUC9VEYk5pFzSj0i9Uhy9Ci3oVCmZ8mu/EWzFlHorzSzMvSVwvQUWVAuUknMznzHZUxvtysHF4SXCLhXgaTKrMzgkKGBZcuUHUC3gTVE3dULzs5F+ZQlflsDb3Aj6VOd39lxTxvJLmJDm5DWv0QxJ77k12hgc6rd37I4ZOIUOZvaNe7/UQAp1s/FtDLHMhs0TpIvykYMPLSpIHZ3bL/1UXZmDhmxLIuYxZbrqQdMl7+ZangO0lJO+zJ5lU24ySSvVGqDlxj/sL/8AOX+SnGzuUyJJskeFYnEyCSwlWysUUN8XuzfSNZXtzZKRIskV7Xytc38D3ai3mKfboqecM4GqdFL6i9rsfIEe01fLT8Tw+oXF4/C8Xp9zZ9ubYE6BMhWzBr5r9RFuHfUNHTLZ+Md4pHa11vawtwW9F2XimkRma1wbCwt1VmXDzjd+nQ1DiYS5UvUm19CUtUrsrbYw8ZXmy12LXzW4gDs7qpuC202Yc5bKdLgWt3+FSG2cS0aArbVra66WJ+6tS4XJGag+pmHG4p43kWy37ht+d4xiIlj5splbNfMDfokWtYdtZbtWAZHIHUH8Mpsfc3uq5bbI5tXbgQCbd4vVbjlw0hyBmu11tqPWBBHsNSOBv1L3LLiVHXlbXdIuW6PKgYMNHh5YTK0S5VfnAuZB6gIKnUCw49VTL77QzyRTvhCGhJZDzoN8y2sejwvY+KislxuESPERIt8rZb669JiDrU9jVKQtkvdQT2ntPuBrXlZvmr0k85iXLd/Ft/pf35WYwWHoraX/ANaOr6NYVNI80rObs8ju7WFyXdizWHiTUpsZeflIa+UC7eegF/f5Gj7e2dHCiSRXDFxY3J6mII8wKxHBJweTojU+JgsixdWMVlKoym4INiDoQRxuKv26nK6MHhIsNJhWlMQKBxIFBQE5BYqeC2HlVI3hIPNzAW55AT8oAX+sDyqCJrGSHJJo6Y8nPBP9+ZreK5XIHxMOK9BcPCssf55ekkuW49XqKKfM08x3LTHJE6ehOM6Ml+eU2zKRf1e+sZSl6ybLvyb7+rsuKWNoGl5x1e4cJayBbWIN+FarudyhptDnQsDRmPIbFw1w+bXRRwy++vOYq78k20BHjTGxsJo2QfLUh1HsD1Abwdrfse//ACpriNqOdBZfDj7aatSbVaIJuaQelnpB6oEXpB6Vc0i5oAl6FcvQoDFdkG+FxSjjZW8hcn6jUpuafgJNL/CHTt+DSq/sXHCKS76owKSDj0W67d31XruE2rJBmSGQFCxIJUXOgAPSFxoBpXqw5ow5ZPomv33PDnwTmpwXqaf4TX2+5MDa8n/t/wD22/kpPd5ycY5KZCUY5bWy3KaWIFMxvLif1x/cX+FNk2rKJTMGHOMLE5RwsBw4fFFPHjzRdt0+yX4HlpOEo0lardv8lmhcSS4rDMfWOZe64UH2HKfbVi3Z2eI4WB+JEw7i7KSx+v21nuzsRLJiUZT8I7qtwB8aynThwrXIMOEuluibg69R0Na81Gnpre/yuzPk5cy10rb+1VYXYg/J5vpfuxXdgC8UnifqqXweDjVCqg2a99SeItXcPgUjBVBYHjqT3ddZycRGSnXqaZvFws4vG3Xwpp/Urux8MJI5FPaLHsNjY0jipmCcy4N0a4P7NiLe8WqyYfAJGCEFr2vqTw8aSxGBjkILrcjTiR9VdVxkfFcmvh3XdOji+An4KimlLZ9mrsi9owAwIdPUXQ9fR4VTIMY/OhPRQoJtnCnTvvl++tFxuCRkAtogsup00tWb7wY+aKQqjAD5IPvNc8eeMdbe/ZHXLw05acq2q7fbtQhtn9Mg/wCF+8NP8Ti8mLRCejImX6QYlT9Y+lUDjcQ7mCckZrEXsNHjYsLjhwYGkNrYt3MbsekBoQALENfqq+aScmurTM+Sk1FSrSLRN4uEYTDy5T0pGIXtAN8o8lufGib1fo8Xyl/dtUDj9pSzW5xr5b2sAOPHhx4UebaLzBI5nsgYEkLqAARfoi5NiaS4iDUoxVJpJe9lhwuRSjOTTabb9qVDrbJthsKvWVLeRCn76gyakNuY4TSXX1FAVOI0HXY8L/Vao1q82aSc9OmnsqPVgi4wV7u37uxSLjTsZbWsaZIaksNjyotZT3ka1zR2EsvdSmGnaN1kQ2ZGV1P7Sm494pOSYsbmgooD0jg8SJY0lXhIquPBgCPrrrVTuSza/O4YwMelAbDvje5X2EMPACri1CCT03el3pvJVAi9IPSshpBzQBaFcoUIefK6KFCsmgUYUKFATO536bh/l/8Aia17F+tQoVUQlcPwpRq7QqGgjU2eu0KEYWT1TWVb3/njQoUBGx/mo/nv/A0x2hwXxb7q7QqgZiu9VChQCZotChUB0UstChVAelEoUKA0Lkh/SJvmh9ta1FqFChBB6QkoUKoG8lISVyhQBaFChQh//9k=', '', 'Eminem'),
(19, 21, 8, 2002, 'Without me', 5, 345, '', 'https://images.rapgenius.com/529589923dcbc806d165b538ab72e095.600x600x1.jpg', '', 'Eminem'),
(20, 22, 1, 2010, 'Best Friend', 4, 243, '', 'data:image/jpeg;base64,/9j/4AAQSkZJRgABAQAAAQABAAD/2wCEAAkGBxMTEhUTEhMVFhUXFxgXGBcXGBgXGBUaGhgaGBcYGBgYHSggGBolHRYWITEhJSkrLi4uFx8zODMtNygtLisBCgoKDg0OGxAQGyslHyUtLy0tLS0tLS0tLS0tLS0tLS0tLS0tLS0tLS0tLS0tLS0tLS0tLS0tLS0tLS0tLS0tLf/AABEIAOAA4QMBIgACEQEDEQH/xAAcAAACAgMBAQAAAAAAAAAAAAAFBgMEAQIHAAj/xABCEAABAgMEBwcBBgMHBQEAAAABAhEAAyEEBRIxQVFhcYGR8AYTIqGxwdEyFCNCUuHxFWKSBzNTcoKishZDwtLyNP/EABkBAAMBAQEAAAAAAAAAAAAAAAECAwAEBf/EACcRAAICAgICAwACAgMAAAAAAAABAhEDIRIxE0EiUWFScTKhBBRC/9oADAMBAAIRAxEAPwDuMej0ejGNVmBV8TMKCNJIHDomCSzUDVWA98Jemv4MSyPRTGtgqwrKnmHa3Wr4iuheOaoaApuANYv2oBEpKRpwjfr8gecDLsW8yadAWoeZ9m5Rzs6EGkGh2BuOn1PKPTQ27P462xHYnwh9Jf1frbGCtyrf+p9oL6AkU5stzXT18xFOkxaxB4ypjCUPZAizUjy5DiLySGjy0+kajWVJcnONJlmqYISk5843nSxQxuJrBH2eoMWUSs4nURURlJrGozZDKS3XOLUosYpWheE7q+3W6NzOoFDrr2goDLyZlCIH3ilw3EcIwm1MX0dfMSzCCKQewJUxfsq2mDa4I8/V4aLqtbhnyofTrfCupGGdXSXHW9+cE5ZwkHWx8mgQdDSVjBLmDEErwkPTExbc8Fe4STiwpxa2D84VrXJ70AgspJB4j5i/P7WWWT3SJ81KJkxglJepcCmyo5x1QnZHJC0nEPxgxmPRQ5yneV4JkoK18hmYFyr8lrQZiSQpIV4SSxBap8o07QS2XiVkaHdoj1hs0sIyzYlhUkGid1AeMLs6owgoJvsGf9Uz/wDBR/Qv5j0H/to/Kr+kRmJ+Of8AL/Q9w/gFo9Ho9FjiIDQqPWUCptVA6GI5kN5gwUm6dr+UC5ZfyPnl1riE+ysClfCf7tvzEeYPtAWUMCZo0qmzB/UrDB29FAg7PEOBr7QLXLBWAP8AExHc6lf+IiLLxLsmcyVH8oIB44T5pMUZNo8L6yTzLD2iWyl7Kpf5lLI4rJ9XgRLm/d1/DT0+IVvY0UWptrrxMbfauuLQImWga8+vaMi0AJIJ6d4VspxGNE3wvG4n5cooWGcFSxWNlzMwOuqQwtE0i2MoiCFsmfdhUL81bKfqsHJEwLlNvHXMQULJUC7VaDRQ66aNJNsy62RBOP3e0EiKcuZ6e8KPWgpbLS/WsRXkWvRqp5UPWuNpbK5ejQKXOYnWDX29YxktBGbO1HrR6+UXrDawRXoafeF2ZOLHcfLLyPlE93WqsZAa0Er0Qy0kDjxEXp9ML7OTfvFRbKKdhby+IlvEumnDnBQPovyVevkavFSZdKl22VOnyZZly0KSHqXOFjsy84zZ1OhKnzYHyHW+DEpKlSwxrkCYtjdC3QdkTHD5DRG61gByWEBV2wyEJBdZNPeKt+3ipUoeAjSa8sqxdO1ZBYW3roqXzeoJWHDvTYMhv/WLl22uWmUEqUw0Lzz16oWLMZk4KmJKThJSUKY1Z+WWbQN7Pdo5czvErxS0iZhSFBgkt4kvqfXk5GqNZ3PCuPFeh/7+T/ip/qj0Kfcfzp/qHzGIIvgX2zpkYUWjMV59oAoYLPOSsjmzHDjKBc1ZCknYH5/qYJoUCKQGtavGvVhbkCaeccuTsvBeivaZrTFJOglQ5MRyr/pipkmbM/KkkbGSr/2ja8D96+4n/KoN7nnEE/8A/NOAzMtXqB6PyhChFc1oxWJgKgLPDEVD1MBw5lrGtR/4v7mLPZu1YZOE6FV3EO3BzyMV5hEta0E0cEej7j4ecTZSJH9kdLueqxEUuSOqh4xNvFCXBIoWckAZtnFKXbE4/wC8lkbFhxzABg0x7Dd2uzddZReJI+Y3uySk1FYLy7CDBSA3QvWpXhi1YLWySNx8oJT7hcFjAn+GzEKqKZfrBpoFpg61Wg+IaCXioFl+BgzbLtri0QOtlqlJSxIByxEgDzz10eNQbLFlBUWB1+rfEVryuxUpRVid/wBoxYL2kpIZaCafSoE8ixNdQgle1rTMlBSSC1P02QGqMu9AUl2OoH0p1tivZ5zFxr9Y0mzWO/8Ab0ivNLAtrAHHoQtmGyyTvMelDFm0HwhuqmkB7oJLPqbm0GrUn7sNt+IyFfZixLcFD5F+GfxDHdZz0sf39YUrKv7wEaU9eoh0siKhQyLA8qdbotjJ5ALepVjUoqo9AdG6BptcyelaGBCB9TkYnycDPKHefdktYZQz9Yo3f2alyicJoRk2nWXd46Uhof8AIgo77RzW7LWuzT1hUsqEwCoFUkEtTSmpi9a7kJlqdIDgrYPVSi55kw63vcsqXLXNlysU3MFRJ3k6AG1QAvO0TCPuqKGT/Tu2xlFJUdMc/kfKKo57/wBOL/IfP5j0NXfWz8qeSfmPQnih9HT5Z/h1C02lqCB4WS8YlWNajiJpqjWYggEvBezyIpLSM3bpCjV+UV7RLqpQzCvR4zdZJmKfZFiWPr3mITHemAL5AABGaQR/pLkdfyiAyLaVomo0sr3P/EKg3fAYeXXLyhXE3BOcZKbzd/Q84k2OkbXUk+IjSQT5/MC+1c9SKgPRhoyy9Byh27PWAFBVoJLRJePZxE4EKENGPthlJHKrBcqp9nnT1KKlgBhoABAJ4B66GgLIsqnMsoBxEEqIOJLBmdwAPESXD+EVjrSOyS0KeWvDooS2pyNNNcELF2aQguUSyWZygPs0b4ryE4oD3XYV2SVZ1rJKVoR3gJrKUQHV/lc1GjPW7tZEECsbSbENIFdgi2JQAaNW7FctUSyUOIp2uXF+QIimIrDNaJp7FK/0rCQhAGJZYPk2ZJ2DzcDTHK+1t3LkWk4vvWw0UVMpJQ/4SGDuKao7tbLCFVIB3gH1gJb7jlL+qUglmch6e1YVfEtakjj/AGd7P9/3oW4AQpWLJmIYs+1mja6b0mS1GWokscLv5KOrz4Q/z+zEwOmWcKFZhHgcVZyK0d89MS3F2LTLVjUznMDIxm7QUq3YvTLMfAsjb7+sT2WxOCk1ISCd5Jb0MOl83ekS3AygLclmopRzIB81N5NEeI93shu1DLOwt5/pBu2SwEIGxuLE+0VZVnAw0qVKfrlFu8VeIbCf+B+POAhW7ZQsMuiTnmORf/xhtuWZiRgJzdutkK91VlPpqf8AdX1glc1oLs9QTh5ZbopB0xMitDdJW426d8SRXlzAWUMjnsixHWmcjIbVZxMSUqyOqFC9bKtM4plpxI0k5vph1irNsjqcFnzo8ZoriycGIfczNXXOMw9/YEao9Apl/wDtL6Atrt6kIpUadggFI7SGaoy0jwggFWk5uPIc4bZ9kRNxJDYWKC2kkVbdADs/2FRJlqTMmqWSpRpQAGgFXOQ5kwvFghPGlcuwhdH1E0Io0WSWK9/6e0YsctCDhQaDyrGlrUy31094jPRm7kD72lYknrTCVeknCWPVeucPk0OlQ2GFbtDLcIUNdf6VKiPspFjhdKAJSQNX7xaEDbqnfdjdF1Ko6F0SktsnwRsJcaoVEwhqJts8BGpMZWYhSt4zMkW5JiJaqxJJEV51DGfQF2TiI1yo1lLiaD2bor9zGpS0WTFedGoKdlW0sQQdUL9jYAjWadbmgxbpjAwCskym1yYhN7OhL4mUTfEN5Pp8GLUxL8j7wJlTnWw0FvV/MmClnmusDd6mJXs1ENyp8BG4f1A/pFiyS8JO9uTxBcpZShqw+X7QUtCMJ4njlDoVsOXasENrrx0+0XUnRAC67RXkfn1g+4NRHTB2jmmqZvHo1SqNoqTPR6NO9TrHOPRjAy1z5dmTLSCA5wgayzk7/mLH2jKvCKPaq6ZU6STNH0ArSXbCQKFxC9Y7/SUSld6h1D6XGJxnTTCt0zpx41OOux1DJD0gdfIHhUM84rfxR00YlqRAVOAVLcszDRpaEy7iGONp2yRGRIhWvZbJmJ/L4gNgLnyJEHO/KcRP0kh9j6d3xC7fs4BQUGY+dK+/nHG2Wig72bn45KFbGO8UPnBgQodgbQwmST+FTjcejDkBF4PQs+ySWYnSYroiZMUskzablEUpgInNYA3vYJyklMtZSNBSWUNlYWRopPQwSZ4ivaJwJgBIm2hACVoUoj8Qau/bEFsu20zFJV3i5YBfCkgP/m1wObGWNJ9jJKziyDFO7ZKkjxmsWyYaLEl2YWqKs1USrVFdcFsMUDL3mMhW6F60T8CCeHHowbvs+Fto9YVrzU6RqKn5VHrHNkezpXRBc0/xV0k+v6QxSJjKHXWRhUkHCo7OvnlDMMgesokjNG9mXhnrG1xuIJ9xBS95n0tn+gPqBAm1qAVLmD/KdrVES35NITLWNFCdQNQfSKJ6J1tE9htOR1+0H5Vsqz6jwIf3hRC2AA1/qPWCgtLGWcnSPJn9RDRlQJRsZTbRGyLSos9UnSM+ULybQSWJbbqhguqUyalzF4TbZGcUkWfBsj0TtHosROd3n2nFsTMsyQAFFSCoHNIoSl83qIv9mew1nlIBUkkioxFzz0CFO8Lr+xKVaEzVTZgbwqSGNakAVDPrrDX2KvKfMkGi1lJd1UxBRJYE5tlEot38jumuMfhoYrXdqABhGkBoVu0FuTLmOhsOIIWMg7DLbRucMs21TFFLIbSXpCZ2ssc1EtKlIH94hynQSWD6g5HIQuZ3HQmO/wD0wlOX4QRkc32sWOyFW/UEghJYguHyDVb15QelTHlpGginAfoOcLl+LLOBkp/2jkki0St2dvXu7QhRoFHu1jUTlnodq7Y6nImOAY4VbJozG4/B9jHRewXaETpeBSvGhgdZGhXH1eHxS9ME1Y7gRuDESVxkqi9kKJguNZk4DOBN5XqJTPpgHb7+KE4ylanLAIlrmE8ECm8sIDmPHE3sckTQRo40jYzRshHR2qZIJlT6lm7pbjaQ0ELJfRmvhlzABpWhaX3OI3MPhY1440JgB/E1CgSo7gT5ZwSslpKgCQRsIY8o3OxHjaLKohVEpMRTFQWzIW+1NpCcA0lQ65PAZcnEGGgn1/SNu0ZM1alg+GW4G05H4je7JjpChmQ/EZ+8c8tll0DLVZiFJVoIrvBrzDwZu11S20pPtEVqIUCBQ5iIrptOFTZPo3ZphFQWWJhcFBzzG39WeL9mX3kpiNDcR+hMDr/l+HvU5aW0ajs/aM3JawsHb9Q1KGkbD87IMXToD2rN0EfTpFOVQa9Vi0teNKFahiGjCzBQ5nLZEVqlEKxiuzX1XjG8lQwtkC7bmLjzPFoZAZvKtVS+VPR+MHrLaCACkuNmrIwp42zZ0kBTag/o4i9Z7cUMxcaN71HkecNGQJRsbv4gNfrGYE/xdGsR6K+T9I8PwLSrvQBkK5/rri5YZYCaaaxlUqIp1oCGBLPSKqk7ZNty0WykZxRvywd9JVLDOSkh/wCVQV7RbRNByIO6PTlgB6cS0UdNCK0zndos6pScBd00rvDeVIC3nKKnIh8v9CJhBSQXBBIy2VhXm2RhnsjgnGnR3QlaOY3oCFnQQ4O2mnXA+773XZZyZqMgWUl8xpHxDr2iupxiAcsxGR6pCJbbNmGIz4RoUnsE79HfOz19otEpMxCnBEGMbx89dke0K7GsgnFLJqkGqdagDUjJ47Nc98omgFJ4ZEbxFJaAvkrDU00isicmLSA8aTLsCoCsKaXZsmcnZG6rSnYN0RJuEHMmN03CkQ/y+heUPsiNpBNDyq0WJUYTYQnIRtM8Ihd+zNp9GVTYBXzeJJEqWfEcz+UaTv1RDfF8BHhFVHRFK65LnEr6jU6efxC23oNUrZtaZAwhLeEDwj8x1nZAO7p5kzTLWWBLpO2HaXZBmanrlA297nExJFH0Po3Fofxk/JsCXosoUFAeEvwOlPxFSZOCvGM/xDTvHXrENoXMkvLnJKpehWkDUdbZ7uUVMbHwl9XXlHNKNM6E7QcsN6/9uYXBFDoUNe/WIpqlGTM8Joaj28vaB3eA0yLv/lPwYs2W04h3aj/lOkGAEYrPawpPi3HYduzbGkxSkKzpQjYc89TwN73BhUcj4TvFKjlxgjJJaniTqNabIdCks5QUkLA315PSlacBtisid4cKqHEQHAFQAQR5Rck4alNNBSdub7+EVrfZwAFDJ6F8nahpm4pr8oLMjX/V5GMxXxK1/wC4fMZhRjrITAq3pfEpnYYQNZP6NzMGFiBk0OKD8St4OQjtyI4cb2Jl7TxKQqpG4sSTk3F4sdnUKWgFSlKpiqXA0060wJ7X2RapjMQgqJKtDAV9IY+wwSbOo5PQDYBTjrjlgnyo65uo2FbRKAl00jyhUtCilZByOe+GKWuikk/Tl5wOsdi7yZ4sgXPXlDT3VCQdXZmz3ImagGbpyGltZMUbT2Gsi1jEFhLurCrPZV24Q1qU5YaPL4iSVIq5h1BA5sq3RdMizpaRIlor9QSAptDk+IltJMetN2Sy5KEvniYOTvzgoABEBGLd6/pFGtUTi92Al2kSCnErwKLOfwnQCdR1/MGJM8EOIyuSGZqQs9obQuzp72WHQPrRk38ydmsRLcSupjaJ4jPfiOYp7eJ1KHW+N/8ArlByd4PlB4ToU+0AZwldq+1KUeCWRi0n8vCFa/u185aSEeEa9P6Qs2VClHEqpJ6+YVysZR4jTc4XOmFyc6k/UdQ2cN1Y6Jd1hYBhv2QF7F9nmQFKFTVtsPNnsuHS5Guo4at8VhGiOSVlNNjOp9z/ALecSfw7Rh5kezwT7zZFafawB8B+uMUdElYt39dR7sghNTk5JOrRHMJ9mUZhTLz9WjofaS+qFKCSvUMkbdp9IB9mrtZZWvQCd1OujHJOnLR2Y01HYq2ea5ZYYt1weJptnIIId9HWmCt3JBtbgeEFXIvnwMW1WLSNzcH9GidFLPSJXeS8J0+uR9jGt2lcslMxw2nXt2xPZkMwGQL8m64QbtV34kOzghwRnlq0w8VoST2VQlC6gsdBB08IhJMv6stYyIfIjlk0L89cyUo+IlOYrU6dx0jgIn/jbpBLA68watwqRnrgWagp3snZ/Sn/ANY9Aj+LbEeXxHo1ho7SYrUGIirn2gX2pvWfIljuJKpqiasCphuTpgPdd6TFsmemZJOpSSH3PHdyXKjkx4m1YUvWzGZLUlIZSnFRi4kQLuS71ypWB/EltymABfUaQyyLSkBgoQMvq8JKUlIWO8IyGfHUIWcV2ysZN/GgPa7zGIUY6te3dBm7ZZUAwYkOdYHXrCnOOLOtc9PCH2xJwyw35RXhHPDbDP4rR6XLAyyjcqaI5a4yVxUlRoXVnQatJ36hFhIiNMVLZbwkhIz0nQgfmUeB6rGutsNN6RPaF6E5+kL983SuahcvvQMSSHwOKjVihiQAUgpqDV9b6YH3jOCWc5VhZL7Hg/SOHXvdM2zLwTRnkRVKm1H22xWkmohi/tH7SIOCWEviVixflADHm45QtWaaDlEmqKp7olt9aDTXjlB7sxdfeTUJAoCCdw/VhxgQJWIiOmdg7uZWLYPn1J5Q0FbFyOkx1sMkISOXW/4iYzSDsNIwT5fAiK1TgkF+UdD0cyVklsnhGoaYV7xtsyacCPCDTF+JXwIKSrKZxdRZI4/vBSTYkyxTZzyeJtSn/RROMP1ilJ7PYC8wtV9b74HdorxCU91Ly0nLgD7ww9pLe3hSXJ5jXlAK6bm7xWOZ9L/1bBqAiMu+MS8XrlIp3PdxRLMzJatAzA46T5RYtCcDDV16UhjNnY62dhsy9KwFt6AVK3jPzjONIylbA0+04Za2ocJ5qoPUQ7XEMVnlvqq/FvKEVYoScyQ3tD5diTKloTmyQ8HE9i5VoXO1F3AEkBsR4O1D6QkBDApILOQRoIILj33sY6p2hloXKKny16I5xPk+OtHhciqWhsbuOwN9iH+P/tPzHos/ZlaxyHxHoXkw8UfQUarQDnWMiI7Qpkkx6TPOBNts4BoHA6aAl4WWyEgzUKTiLkgGpGtoMz1EpcjCnRrI0mFntTPIVLBoFFAI/lJqN7DnHNOR142+i/c3Z37tSisnGfugpww0FW0jRDNLQUpCTmAAeUTJSBhAySGbgweNpydOnKKLGktEZTcnspBDAkxmketCCAHyiGSp4R60OtqyciIV2cYWZwXfWXDHeYsAR6YsJBJLAQaBYOs9oRLSUA0TlrIJoG1u4gXb7mNoL2hShL0SkkpG9akl1HYKb4KWWxFSzOmAA5oS1UUbEr+Yg8HbXGl6WoS0KWoskAlzQADMmE37Kp70cC/tNu1Ei3FEsMO7QW2uoUfYkecD+z6sbo0jLaI27VXsbXaVztBLJGkIFBzqeMQXQgpWFgZQ0tw2Kv8AOxrsko6q0jq/YX+7XqxEA7Ogecc4sig2KlWbf16R1PsfJCbMGzNTxAPvE8S2Nl/xC61MCrzirJkGacSshlt3xvMRjpoFTt2dbIuI8LDdFe2Sulrs3EoAamED7xt9MIqo0p7xanLYMKk9PFWz2EFRL71ewjSvpAil2wPKukrViWdPiOo/lHzBmRLDBIyGvyi0sNRNBs9I1SvdCqKiM5uRQt6MQpmBX5hft+RYbIaLS2fmPiFe3mm9+Ff0hMiKY2DrvkBcxCTkDiOow4TEtlq64/EBuz9ncqOlgPc+8GFKpAxqkGbtgy8k4/COJ62e0J94SnnM1Q2WkmHlCMLqOrTqOnnC/YLF3sxS9r8chyECSsaMqBX8OOqPQxdwrUfOPQOJuQ+xAsYi2geZiYmMJS0dzOApWmXiI1DOFLtlZyVgjMEFO8FJFNOUO6U57zHKe0t5TZi1zfFhllaEoABxAjCk0rUtEMiVHRhuxnuztXJmzVoEwYkvi1Fi1IbbMk5l9j6I4/8A2e3GlU+UVoHeYlTVlyWSn6UtkPFh847B31SGoM4pjba2bMknSIp8krJqaZDQTFZFlXnTdpi9OtASUhnxZao2GEDVDOKZNSaRRQs6Y3JBziGbNdZIy9dsSxL8HZusxxj+1XtQZizZJJ8CT94R+JQ/BuBz27o6B27v/wCy2clJ+8X4EbCc1cA53tHCJodTnaSd8TnLdDxjoqyxqHkPiCd2Syp3c1HQjSzWIrICAsvqT+uyGW6rvCAwqovRwQnQ5Io+7nogNjpGiQycIyFH11+WHCOu3EppShqPsPiOV2hA7xKBkFJc6CXHXCOl3JMdKh/MH4hh5gQcfti5O0hgs9A+k1jacqjxrJUzPujVSmd8or6JeyOpKQMyKnUH9YvoYBhlFWyUG+v6ROVddGNHQJfR5SYjKYnFY8EVrBoF0C7d9JhYt/0iv4abM4cbZI8J1Qo3lLOAgZh/KvpWIZEdGJklwWtlka2eDixV+tvrCmEmWZa9C0p5tDGm1OAejl1xgQeqY01u0QXrNZOEZmnzFi67MEpDDfGkqTiW5/bT8QQRLZOzTwhkt2JJ6ogwJ6JjMC/47J/OeUehuSBxYwy7cFEGrdZwRQoEOIDyEkJybRCr2y7WTpYNmso+8AONbHwDUKM9Ys5cVbEWJydIu9q+1a5E5SJSQvwYc/ClRNVKOwMGGuA912VgpU1bKKS4oSonWAfCDShOXmv3DZ5iSVTJigpYIVWpBzGyOjdlrhTKTjUlLn6RhDpG/N451c3bLySxxI+yiRLSZivAlynxBlEkjCA1AgDLfzPy1OFkthLtuZqxminSdMbCy0Z/Dqi6T9dHPKSbti9dKJqFS+8XjSlOEHLi2tmhhlyEmoHN/QxSt1gwhwaDREMq2LSCGB2wIvjpjS+e0S21QTQBmimq3MIxMmE/UXhI7ddqEyEGTKLzlDR/2wfxHbqHGJzl7HitbFztnfH2m04UkYJbpB1qfxkcQBwgKZaQ9XOoUG52MVbmsq5swJRmTTZtPzDXaLnQlQEtzhDFRyfSRrOyI17KfgOstnWtnLAaNHGrloY5aAhLJzyfSd0b2O7QhOJVH15n9IyuSVOBTQ+zZq+YDYyBksfjOQWkf7gPWHW57RhmlJyUKeo9+cJvaICUiXLT+YHgnxH0himKKVpWNnyOtsXxLTIZXtD8F0Bz9trxlaARFWTMBSkguCAeeUTS1MOutEOTokSIlBiIF/SNkmMZ7JkKiVXKICYmfEIZCM1I15HpoVr2klM5SRksON5FQYa86ERQvOyCb4SCCMiITJG0PjlTFS7kCbZlSiPFLJA0MQae0S3PafwqHiFD6AtGypSrPOxq+hfhXqJ0KPvE9osYfvZR0Hlka6Q0QSZ02glZwK7PRhEF9TimUR+YAf1U9CY9ZJzgigNKe+0RSvSZjUhDjMcujDN/ERL5C39kH5fWPQ1fZU6j1wj0T8bKeQ92QvVdrXMXRElDJShnKiaupRq4DUGuC193VKWgrUh1JBPhoVbKZ7oxdEhKGShISnUKCLl4WhgwDk57BHfpo55t+T4i1cfZaV3otCkFJ/ChSic9JTknYIZp0xo0JG4t6RVtk3xGJySitGk3OVswZ3iB1GLqZ4SXJoo8qekBlzIklWoYMJz0QsZ0FwsKWu2JYgFyYE2iYAI0m2kNSELt9fhCe4SrxL+pvwo1f6stzwkp2NGCRS7YduyCZNlU5yVMzA2I17+WuOeIKlqKlEkmpJLknaTmYknpDsM4aexnZpVqWEpy/EfyiFCbdlLEtS8IGdKDxVyA3x1AXRKskjFMAMwhkppQnb6mJ7FdciwKdIdQlhvzLWokU4JbjENouhc5fe2sslnCAchofVuhuNL9F5X/AELi5mNWgtp0JGofOmJZasTAZDphFW8rQCvAiiQXPXTxPZG4PEGXAPaVQKydCUtxNTyFOMMiPFIlqb8KX3ih3VEKfaRTvt69hDTccx5AH8oPMfPrF8L2QzLQ5WFhJknRgRXP8NHhRutVpkIUE2ZZWpToUmX4e6BmqMpYIJQrE50YhNSxDHCxdm7WJkoy/wAUujE6KlJ1/wDzBKzPVtobaOs4r0yXaFuz3lbcSAqWtQMxDnuihIQVpSsF3LhJUoFxkXJolUF42O0BcxSUKmy1rnLCVJJMqYErlgIGmVMSpBpQKQTXFRwkq0EDfl5R6NZqEq1zLepU1fdKKlylSmMpSkzBhtBSw8JR4lSnBrVsRDLNtd6XmnHhlEh1FH3JGSrSJaC5+lWCyOo5CYrKpQ5S1U2jRG7kjVDWLQK7XySuzYUpxHvJBYJMygnS1LJQKrSEhTjSHGmF6wWm3oRLR3SgJarPLwqClqVL7tOJZmsRjxYnCvysShwoussco8ltMazUJ82750+Vd5npeaHM9S5JUEkS/ECARh8YASpzUA1gTdku2y5ksqlkCZKsxmKEo+Bf35mS8Ll0pOEO4+t31dHAS2caGU9IVqwp0cxX9umd2J8pYabIWVJl4Kg2VcwEk+FKVKtG/AP9RyUsie6vEySp210q3rDXPs7u2RPLowFlysM9Q/kSOZJPnEZraLwlpm32hGz+oRiLv2ZH5U+Ueg8WC0f/2Q==', '', 'Nishino Kana'),
(21, 23, 11, 2014, 'Secret Base', 4, 342, '', 'http://st.cdjapan.co.jp/pictures/l/03/24/SVWC-7953.jpg', '', 'Ai Kayano, Haruka Tomatsu, Saori Hayami'),
(22, 24, 11, 2016, 'Kirameki ', 4, 106, '', 'http://s.pacn.ws/640/li/kirameki-cd-dvd-limited-pressing-387117.4.jpg?o2zeka', '', 'Wacci'),
(23, 25, 2, 2013, 'Guren no yumiya', 4, 238, '', 'https://encrypted-tbn1.gstatic.com/images?q=tbn:ANd9GcQCZ8-tEhdaKS301_Sjhr1mL6Wpml8LWQZGIaAcBgXka41O1HCt', '', 'Linked Horizon');

-- --------------------------------------------------------

--
-- Cấu trúc bảng cho bảng `user_info`
--

CREATE TABLE `user_info` (
  `user_id` int(10) NOT NULL,
  `avr` text COLLATE utf8_unicode_ci NOT NULL,
  `user_name` varchar(30) COLLATE utf8_unicode_ci NOT NULL,
  `passwd` varchar(20) COLLATE utf8_unicode_ci NOT NULL,
  `fav` int(11) NOT NULL,
  `play_list` int(11) NOT NULL
) ENGINE=InnoDB DEFAULT CHARSET=utf8 COLLATE=utf8_unicode_ci;

--
-- Đang đổ dữ liệu cho bảng `user_info`
--

INSERT INTO `user_info` (`user_id`, `avr`, `user_name`, `passwd`, `fav`, `play_list`) VALUES
(1, '', 'DenisovichDracula', 'abcd1234', 0, 0),
(2, '', 'Cuong7', 'abcd1432', 0, 0),
(3, '', 'Duongcopeo', 'abcd1432', 0, 0),
(4, '', 'Thuyet', 'abcd1432', 0, 0),
(5, '', 'Phuong', 'abcd1432', 0, 0),
(6, '', 'Long', 'abcd1432', 0, 0);

--
-- Chỉ mục cho các bảng đã đổ
--

--
-- Chỉ mục cho bảng `category`
--
ALTER TABLE `category`
  ADD PRIMARY KEY (`cate_id`);

--
-- Chỉ mục cho bảng `track`
--
ALTER TABLE `track`
  ADD PRIMARY KEY (`track_id`);

--
-- Chỉ mục cho bảng `user_info`
--
ALTER TABLE `user_info`
  ADD PRIMARY KEY (`user_id`);

--
-- AUTO_INCREMENT cho các bảng đã đổ
--

--
-- AUTO_INCREMENT cho bảng `category`
--
ALTER TABLE `category`
  MODIFY `cate_id` int(11) NOT NULL AUTO_INCREMENT, AUTO_INCREMENT=24;
--
-- AUTO_INCREMENT cho bảng `track`
--
ALTER TABLE `track`
  MODIFY `track_id` int(11) NOT NULL AUTO_INCREMENT, AUTO_INCREMENT=24;
--
-- AUTO_INCREMENT cho bảng `user_info`
--
ALTER TABLE `user_info`
  MODIFY `user_id` int(10) NOT NULL AUTO_INCREMENT, AUTO_INCREMENT=7;
/*!40101 SET CHARACTER_SET_CLIENT=@OLD_CHARACTER_SET_CLIENT */;
/*!40101 SET CHARACTER_SET_RESULTS=@OLD_CHARACTER_SET_RESULTS */;
/*!40101 SET COLLATION_CONNECTION=@OLD_COLLATION_CONNECTION */;
